PC: FFFC
SP: 0100
A:  00
X:  00
Y:  00
PS: 00
4242: A9 84 00 00 00 00 00 00 00 00 00 00 00 00 00 00 
4252: 00 00 00 00 00 00 00 00 00 00 00 00 00 00 00 00 
4262: 00 00 00 00 00 00 00 00 00 00 00 00 00 00 00 00 
4272: 00 00 00 00 00 00 00 00 00 00 00 00 00 00 00 00 
4282: 00 00 00 00 00 00 00 00 00 00 00 00 00 00 00 00 
4292: 00 00 00 00 00 00 00 00 00 00 00 00 00 00 00 00 
42A2: 00 00 00 00 00 00 00 00 00 00 00 00 00 00 00 00 
42B2: 00 00 00 00 00 00 00 00 00 00 00 00 00 00 00 00 
42C2: 00 00 00 00 00 00 00 00 00 00 00 00 00 00 00 00 
42D2: 00 00 00 00 00 00 00 00 00 00 00 00 00 00 00 00 
42E2: 00 00 00 00 00 00 00 00 00 00 00 00 00 00 00 00 
42F2: 00 00 00 00 00 00 00 00 00 00 00 00 00 00 00 00 
4302: 00 00 00 00 00 00 00 00 00 00 00 00 00 00 00 00 
4312: 00 00 00 00 00 00 00 00 00 00 00 00 00 00 00 00 
4322: 00 00 00 00 00 00 00 00 00 00 00 00 00 00 00 00 
4332: 00 00 00 00 00 00 00 00 00 00 00 00 00 00 00 00 
4342: 00 00 00 00 00 00 00 00 00 00 00 00 00 00 00 00 
4352: 00 00 00 00 00 00 00 00 00 00 00 00 00 00 00 00 
4362: 00 00 00 00 00 00 00 00 00 00 00 00 00 00 00 00 
4372: 00 00 00 00 00 00 00 00 00 00 00 00 00 00 00 00 
4382: 00 00 00 00 00 00 00 00 00 00 00 00 00 00 00 00 
4392: 00 00 00 00 00 00 00 00 00 00 00 00 00 00 00 00 
43A2: 00 00 00 00 00 00 00 00 00 00 00 00 00 00 00 00 
43B2: 00 00 00 00 00 00 00 00 00 00 00 00 00 00 00 00 
43C2: 00 00 00 00 00 00 00 00 00 00 00 00 00 00 00 00 
43D2: 00 00 00 00 00 00 00 00 00 00 00 00 00 00 00 00 
43E2: 00 00 00 00 00 00 00 00 00 00 00 00 00 00 00 00 
43F2: 00 00 00 00 00 00 00 00 00 00 00 00 00 00 00 00 
4402: 00 00 00 00 00 00 00 00 00 00 00 00 00 00 00 00 
4412: 00 00 00 00 00 00 00 00 00 00 00 00 00 00 00 00 
4422: 00 00 00 00 00 00 00 00 00 00 00 00 00 00 00 00 
4432: 00 00 00 00 00 00 00 00 00 00 00 00 00 00 00 00 
4442: 00 00 00 00 00 00 00 00 00 00 00 00 00 00 00 00 
4452: 00 00 00 00 00 00 00 00 00 00 00 00 00 00 00 00 
4462: 00 00 00 00 00 00 00 00 00 00 00 00 00 00 00 00 
4472: 00 00 00 00 00 00 00 00 00 00 00 00 00 00 00 00 
4482: 00 00 00 00 00 00 00 00 00 00 00 00 00 00 00 00 
4492: 00 00 00 00 00 00 00 00 00 00 00 00 00 00 00 00 
44A2: 00 00 00 00 00 00 00 00 00 00 00 00 00 00 00 00 
44B2: 00 00 00 00 00 00 00 00 00 00 00 00 00 00 00 00 
44C2: 00 00 00 00 00 00 00 00 00 00 00 00 00 00 00 00 
44D2: 00 00 00 00 00 00 00 00 00 00 00 00 00 00 00 00 
44E2: 00 00 00 00 00 00 00 00 00 00 00 00 00 00 00 00 
44F2: 00 00 00 00 00 00 00 00 00 00 00 00 00 00 00 00 
4502: 00 00 00 00 00 00 00 00 00 00 00 00 00 00 00 00 
4512: 00 00 00 00 00 00 00 00 00 00 00 00 00 00 00 00 
4522: 00 00 00 00 00 00 00 00 00 00 00 00 00 00 00 00 
4532: 00 00 00 00 00 00 00 00 00 00 00 00 00 00 00 00 
4542: 00 00 00 00 00 00 00 00 00 00 00 00 00 00 00 00 
4552: 00 00 00 00 00 00 00 00 00 00 00 00 00 00 00 00 
4562: 00 00 00 00 00 00 00 00 00 00 00 00 00 00 00 00 
4572: 00 00 00 00 00 00 00 00 00 00 00 00 00 00 00 00 
4582: 00 00 00 00 00 00 00 00 00 00 00 00 00 00 00 00 
4592: 00 00 00 00 00 00 00 00 00 00 00 00 00 00 00 00 
45A2: 00 00 00 00 00 00 00 00 00 00 00 00 00 00 00 00 
45B2: 00 00 00 00 00 00 00 00 00 00 00 00 00 00 00 00 
45C2: 00 00 00 00 00 00 00 00 00 00 00 00 00 00 00 00 
45D2: 00 00 00 00 00 00 00 00 00 00 00 00 00 00 00 00 
45E2: 00 00 00 00 00 00 00 00 00 00 00 00 00 00 00 00 
45F2: 00 00 00 00 00 00 00 00 00 00 00 00 00 00 00 00 
4602: 00 00 00 00 00 00 00 00 00 00 00 00 00 00 00 00 
4612: 00 00 00 00 00 00 00 00 00 00 00 00 00 00 00 00 
4622: 00 00 00 00 00 00 00 00 00 00 00 00 00 00 00 00 
4632: 00 00 00 00 00 00 00 00 00 00 00 00 00 00 00 00 
4642: 00 00 00 00 00 00 00 00 00 00 00 00 00 00 00 00 
4652: 00 00 00 00 00 00 00 00 00 00 00 00 00 00 00 00 
4662: 00 00 00 00 00 00 00 00 00 00 00 00 00 00 00 00 
4672: 00 00 00 00 00 00 00 00 00 00 00 00 00 00 00 00 
4682: 00 00 00 00 00 00 00 00 00 00 00 00 00 00 00 00 
4692: 00 00 00 00 00 00 00 00 00 00 00 00 00 00 00 00 
46A2: 00 00 00 00 00 00 00 00 00 00 00 00 00 00 00 00 
46B2: 00 00 00 00 00 00 00 00 00 00 00 00 00 00 00 00 
46C2: 00 00 00 00 00 00 00 00 00 00 00 00 00 00 00 00 
46D2: 00 00 00 00 00 00 00 00 00 00 00 00 00 00 00 00 
46E2: 00 00 00 00 00 00 00 00 00 00 00 00 00 00 00 00 
46F2: 00 00 00 00 00 00 00 00 00 00 00 00 00 00 00 00 
4702: 00 00 00 00 00 00 00 00 00 00 00 00 00 00 00 00 
4712: 00 00 00 00 00 00 00 00 00 00 00 00 00 00 00 00 
4722: 00 00 00 00 00 00 00 00 00 00 00 00 00 00 00 00 
4732: 00 00 00 00 00 00 00 00 00 00 00 00 00 00 00 00 
4742: 00 00 00 00 00 00 00 00 00 00 00 00 00 00 00 00 
4752: 00 00 00 00 00 00 00 00 00 00 00 00 00 00 00 00 
4762: 00 00 00 00 00 00 00 00 00 00 00 00 00 00 00 00 
4772: 00 00 00 00 00 00 00 00 00 00 00 00 00 00 00 00 
4782: 00 00 00 00 00 00 00 00 00 00 00 00 00 00 00 00 
4792: 00 00 00 00 00 00 00 00 00 00 00 00 00 00 00 00 
47A2: 00 00 00 00 00 00 00 00 00 00 00 00 00 00 00 00 
47B2: 00 00 00 00 00 00 00 00 00 00 00 00 00 00 00 00 
47C2: 00 00 00 00 00 00 00 00 00 00 00 00 00 00 00 00 
47D2: 00 00 00 00 00 00 00 00 00 00 00 00 00 00 00 00 
47E2: 00 00 00 00 00 00 00 00 00 00 00 00 00 00 00 00 
47F2: 00 00 00 00 00 00 00 00 00 00 00 00 00 00 00 00 
4802: 00 00 00 00 00 00 00 00 00 00 00 00 00 00 00 00 
4812: 00 00 00 00 00 00 00 00 00 00 00 00 00 00 00 00 
4822: 00 00 00 00 00 00 00 00 00 00 00 00 00 00 00 00 
4832: 00 00 00 00 00 00 00 00 00 00 00 00 00 00 00 00 
4842: 00 00 00 00 00 00 00 00 00 00 00 00 00 00 00 00 
4852: 00 00 00 00 00 00 00 00 00 00 00 00 00 00 00 00 
4862: 00 00 00 00 00 00 00 00 00 00 00 00 00 00 00 00 
4872: 00 00 00 00 00 00 00 00 00 00 00 00 00 00 00 00 
4882: 00 00 00 00 00 00 00 00 00 00 00 00 00 00 00 00 
4892: 00 00 00 00 00 00 00 00 00 00 00 00 00 00 00 00 
48A2: 00 00 00 00 00 00 00 00 00 00 00 00 00 00 00 00 
48B2: 00 00 00 00 00 00 00 00 00 00 00 00 00 00 00 00 
48C2: 00 00 00 00 00 00 00 00 00 00 00 00 00 00 00 00 
48D2: 00 00 00 00 00 00 00 00 00 00 00 00 00 00 00 00 
48E2: 00 00 00 00 00 00 00 00 00 00 00 00 00 00 00 00 
48F2: 00 00 00 00 00 00 00 00 00 00 00 00 00 00 00 00 
4902: 00 00 00 00 00 00 00 00 00 00 00 00 00 00 00 00 
4912: 00 00 00 00 00 00 00 00 00 00 00 00 00 00 00 00 
4922: 00 00 00 00 00 00 00 00 00 00 00 00 00 00 00 00 
4932: 00 00 00 00 00 00 00 00 00 00 00 00 00 00 00 00 
4942: 00 00 00 00 00 00 00 00 00 00 00 00 00 00 00 00 
4952: 00 00 00 00 00 00 00 00 00 00 00 00 00 00 00 00 
4962: 00 00 00 00 00 00 00 00 00 00 00 00 00 00 00 00 
4972: 00 00 00 00 00 00 00 00 00 00 00 00 00 00 00 00 
4982: 00 00 00 00 00 00 00 00 00 00 00 00 00 00 00 00 
4992: 00 00 00 00 00 00 00 00 00 00 00 00 00 00 00 00 
49A2: 00 00 00 00 00 00 00 00 00 00 00 00 00 00 00 00 
49B2: 00 00 00 00 00 00 00 00 00 00 00 00 00 00 00 00 
49C2: 00 00 00 00 00 00 00 00 00 00 00 00 00 00 00 00 
49D2: 00 00 00 00 00 00 00 00 00 00 00 00 00 00 00 00 
49E2: 00 00 00 00 00 00 00 00 00 00 00 00 00 00 00 00 
49F2: 00 00 00 00 00 00 00 00 00 00 00 00 00 00 00 00 
4A02: 00 00 00 00 00 00 00 00 00 00 00 00 00 00 00 00 
4A12: 00 00 00 00 00 00 00 00 00 00 00 00 00 00 00 00 
4A22: 00 00 00 00 00 00 00 00 00 00 00 00 00 00 00 00 
4A32: 00 00 00 00 00 00 00 00 00 00 00 00 00 00 00 00 
4A42: 00 00 00 00 00 00 00 00 00 00 00 00 00 00 00 00 
4A52: 00 00 00 00 00 00 00 00 00 00 00 00 00 00 00 00 
4A62: 00 00 00 00 00 00 00 00 00 00 00 00 00 00 00 00 
4A72: 00 00 00 00 00 00 00 00 00 00 00 00 00 00 00 00 
4A82: 00 00 00 00 00 00 00 00 00 00 00 00 00 00 00 00 
4A92: 00 00 00 00 00 00 00 00 00 00 00 00 00 00 00 00 
4AA2: 00 00 00 00 00 00 00 00 00 00 00 00 00 00 00 00 
4AB2: 00 00 00 00 00 00 00 00 00 00 00 00 00 00 00 00 
4AC2: 00 00 00 00 00 00 00 00 00 00 00 00 00 00 00 00 
4AD2: 00 00 00 00 00 00 00 00 00 00 00 00 00 00 00 00 
4AE2: 00 00 00 00 00 00 00 00 00 00 00 00 00 00 00 00 
4AF2: 00 00 00 00 00 00 00 00 00 00 00 00 00 00 00 00 
4B02: 00 00 00 00 00 00 00 00 00 00 00 00 00 00 00 00 
4B12: 00 00 00 00 00 00 00 00 00 00 00 00 00 00 00 00 
4B22: 00 00 00 00 00 00 00 00 00 00 00 00 00 00 00 00 
4B32: 00 00 00 00 00 00 00 00 00 00 00 00 00 00 00 00 
4B42: 00 00 00 00 00 00 00 00 00 00 00 00 00 00 00 00 
4B52: 00 00 00 00 00 00 00 00 00 00 00 00 00 00 00 00 
4B62: 00 00 00 00 00 00 00 00 00 00 00 00 00 00 00 00 
4B72: 00 00 00 00 00 00 00 00 00 00 00 00 00 00 00 00 
4B82: 00 00 00 00 00 00 00 00 00 00 00 00 00 00 00 00 
4B92: 00 00 00 00 00 00 00 00 00 00 00 00 00 00 00 00 
4BA2: 00 00 00 00 00 00 00 00 00 00 00 00 00 00 00 00 
4BB2: 00 00 00 00 00 00 00 00 00 00 00 00 00 00 00 00 
4BC2: 00 00 00 00 00 00 00 00 00 00 00 00 00 00 00 00 
4BD2: 00 00 00 00 00 00 00 00 00 00 00 00 00 00 00 00 
4BE2: 00 00 00 00 00 00 00 00 00 00 00 00 00 00 00 00 
4BF2: 00 00 00 00 00 00 00 00 00 00 00 00 00 00 00 00 
4C02: 00 00 00 00 00 00 00 00 00 00 00 00 00 00 00 00 
4C12: 00 00 00 00 00 00 00 00 00 00 00 00 00 00 00 00 
4C22: 00 00 00 00 00 00 00 00 00 00 00 00 00 00 00 00 
4C32: 00 00 00 00 00 00 00 00 00 00 00 00 00 00 00 00 
4C42: 00 00 00 00 00 00 00 00 00 00 00 00 00 00 00 00 
4C52: 00 00 00 00 00 00 00 00 00 00 00 00 00 00 00 00 
4C62: 00 00 00 00 00 00 00 00 00 00 00 00 00 00 00 00 
4C72: 00 00 00 00 00 00 00 00 00 00 00 00 00 00 00 00 
4C82: 00 00 00 00 00 00 00 00 00 00 00 00 00 00 00 00 
4C92: 00 00 00 00 00 00 00 00 00 00 00 00 00 00 00 00 
4CA2: 00 00 00 00 00 00 00 00 00 00 00 00 00 00 00 00 
4CB2: 00 00 00 00 00 00 00 00 00 00 00 00 00 00 00 00 
4CC2: 00 00 00 00 00 00 00 00 00 00 00 00 00 00 00 00 
4CD2: 00 00 00 00 00 00 00 00 00 00 00 00 00 00 00 00 
4CE2: 00 00 00 00 00 00 00 00 00 00 00 00 00 00 00 00 
4CF2: 00 00 00 00 00 00 00 00 00 00 00 00 00 00 00 00 
4D02: 00 00 00 00 00 00 00 00 00 00 00 00 00 00 00 00 
4D12: 00 00 00 00 00 00 00 00 00 00 00 00 00 00 00 00 
4D22: 00 00 00 00 00 00 00 00 00 00 00 00 00 00 00 00 
4D32: 00 00 00 00 00 00 00 00 00 00 00 00 00 00 00 00 
4D42: 00 00 00 00 00 00 00 00 00 00 00 00 00 00 00 00 
4D52: 00 00 00 00 00 00 00 00 00 00 00 00 00 00 00 00 
4D62: 00 00 00 00 00 00 00 00 00 00 00 00 00 00 00 00 
4D72: 00 00 00 00 00 00 00 00 00 00 00 00 00 00 00 00 
4D82: 00 00 00 00 00 00 00 00 00 00 00 00 00 00 00 00 
4D92: 00 00 00 00 00 00 00 00 00 00 00 00 00 00 00 00 
4DA2: 00 00 00 00 00 00 00 00 00 00 00 00 00 00 00 00 
4DB2: 00 00 00 00 00 00 00 00 00 00 00 00 00 00 00 00 
4DC2: 00 00 00 00 00 00 00 00 00 00 00 00 00 00 00 00 
4DD2: 00 00 00 00 00 00 00 00 00 00 00 00 00 00 00 00 
4DE2: 00 00 00 00 00 00 00 00 00 00 00 00 00 00 00 00 
4DF2: 00 00 00 00 00 00 00 00 00 00 00 00 00 00 00 00 
4E02: 00 00 00 00 00 00 00 00 00 00 00 00 00 00 00 00 
4E12: 00 00 00 00 00 00 00 00 00 00 00 00 00 00 00 00 
4E22: 00 00 00 00 00 00 00 00 00 00 00 00 00 00 00 00 
4E32: 00 00 00 00 00 00 00 00 00 00 00 00 00 00 00 00 
4E42: 00 00 00 00 00 00 00 00 00 00 00 00 00 00 00 00 
4E52: 00 00 00 00 00 00 00 00 00 00 00 00 00 00 00 00 
4E62: 00 00 00 00 00 00 00 00 00 00 00 00 00 00 00 00 
4E72: 00 00 00 00 00 00 00 00 00 00 00 00 00 00 00 00 
4E82: 00 00 00 00 00 00 00 00 00 00 00 00 00 00 00 00 
4E92: 00 00 00 00 00 00 00 00 00 00 00 00 00 00 00 00 
4EA2: 00 00 00 00 00 00 00 00 00 00 00 00 00 00 00 00 
4EB2: 00 00 00 00 00 00 00 00 00 00 00 00 00 00 00 00 
4EC2: 00 00 00 00 00 00 00 00 00 00 00 00 00 00 00 00 
4ED2: 00 00 00 00 00 00 00 00 00 00 00 00 00 00 00 00 
4EE2: 00 00 00 00 00 00 00 00 00 00 00 00 00 00 00 00 
4EF2: 00 00 00 00 00 00 00 00 00 00 00 00 00 00 00 00 
4F02: 00 00 00 00 00 00 00 00 00 00 00 00 00 00 00 00 
4F12: 00 00 00 00 00 00 00 00 00 00 00 00 00 00 00 00 
4F22: 00 00 00 00 00 00 00 00 00 00 00 00 00 00 00 00 
4F32: 00 00 00 00 00 00 00 00 00 00 00 00 00 00 00 00 
4F42: 00 00 00 00 00 00 00 00 00 00 00 00 00 00 00 00 
4F52: 00 00 00 00 00 00 00 00 00 00 00 00 00 00 00 00 
4F62: 00 00 00 00 00 00 00 00 00 00 00 00 00 00 00 00 
4F72: 00 00 00 00 00 00 00 00 00 00 00 00 00 00 00 00 
4F82: 00 00 00 00 00 00 00 00 00 00 00 00 00 00 00 00 
4F92: 00 00 00 00 00 00 00 00 00 00 00 00 00 00 00 00 
4FA2: 00 00 00 00 00 00 00 00 00 00 00 00 00 00 00 00 
4FB2: 00 00 00 00 00 00 00 00 00 00 00 00 00 00 00 00 
4FC2: 00 00 00 00 00 00 00 00 00 00 00 00 00 00 00 00 
4FD2: 00 00 00 00 00 00 00 00 00 00 00 00 00 00 00 00 
4FE2: 00 00 00 00 00 00 00 00 00 00 00 00 00 00 00 00 
4FF2: 00 00 00 00 00 00 00 00 00 00 00 00 00 00 00 00 
5002: 00 00 00 00 00 00 00 00 00 00 00 00 00 00 00 00 
5012: 00 00 00 00 00 00 00 00 00 00 00 00 00 00 00 00 
5022: 00 00 00 00 00 00 00 00 00 00 00 00 00 00 00 00 
5032: 00 00 00 00 00 00 00 00 00 00 00 00 00 00 00 00 
5042: 00 00 00 00 00 00 00 00 00 00 00 00 00 00 00 00 
5052: 00 00 00 00 00 00 00 00 00 00 00 00 00 00 00 00 
5062: 00 00 00 00 00 00 00 00 00 00 00 00 00 00 00 00 
5072: 00 00 00 00 00 00 00 00 00 00 00 00 00 00 00 00 
5082: 00 00 00 00 00 00 00 00 00 00 00 00 00 00 00 00 
5092: 00 00 00 00 00 00 00 00 00 00 00 00 00 00 00 00 
50A2: 00 00 00 00 00 00 00 00 00 00 00 00 00 00 00 00 
50B2: 00 00 00 00 00 00 00 00 00 00 00 00 00 00 00 00 
50C2: 00 00 00 00 00 00 00 00 00 00 00 00 00 00 00 00 
50D2: 00 00 00 00 00 00 00 00 00 00 00 00 00 00 00 00 
50E2: 00 00 00 00 00 00 00 00 00 00 00 00 00 00 00 00 
50F2: 00 00 00 00 00 00 00 00 00 00 00 00 00 00 00 00 
5102: 00 00 00 00 00 00 00 00 00 00 00 00 00 00 00 00 
5112: 00 00 00 00 00 00 00 00 00 00 00 00 00 00 00 00 
5122: 00 00 00 00 00 00 00 00 00 00 00 00 00 00 00 00 
5132: 00 00 00 00 00 00 00 00 00 00 00 00 00 00 00 00 
5142: 00 00 00 00 00 00 00 00 00 00 00 00 00 00 00 00 
5152: 00 00 00 00 00 00 00 00 00 00 00 00 00 00 00 00 
5162: 00 00 00 00 00 00 00 00 00 00 00 00 00 00 00 00 
5172: 00 00 00 00 00 00 00 00 00 00 00 00 00 00 00 00 
5182: 00 00 00 00 00 00 00 00 00 00 00 00 00 00 00 00 
5192: 00 00 00 00 00 00 00 00 00 00 00 00 00 00 00 00 
51A2: 00 00 00 00 00 00 00 00 00 00 00 00 00 00 00 00 
51B2: 00 00 00 00 00 00 00 00 00 00 00 00 00 00 00 00 
51C2: 00 00 00 00 00 00 00 00 00 00 00 00 00 00 00 00 
51D2: 00 00 00 00 00 00 00 00 00 00 00 00 00 00 00 00 
51E2: 00 00 00 00 00 00 00 00 00 00 00 00 00 00 00 00 
51F2: 00 00 00 00 00 00 00 00 00 00 00 00 00 00 00 00 
5202: 00 00 00 00 00 00 00 00 00 00 00 00 00 00 00 00 
5212: 00 00 00 00 00 00 00 00 00 00 00 00 00 00 00 00 
5222: 00 00 00 00 00 00 00 00 00 00 00 00 00 00 00 00 
5232: 00 00 00 00 00 00 00 00 00 00 00 00 00 00 00 00 
5242: 00 00 00 00 00 00 00 00 00 00 00 00 00 00 00 00 
5252: 00 00 00 00 00 00 00 00 00 00 00 00 00 00 00 00 
5262: 00 00 00 00 00 00 00 00 00 00 00 00 00 00 00 00 
5272: 00 00 00 00 00 00 00 00 00 00 00 00 00 00 00 00 
5282: 00 00 00 00 00 00 00 00 00 00 00 00 00 00 00 00 
5292: 00 00 00 00 00 00 00 00 00 00 00 00 00 00 00 00 
52A2: 00 00 00 00 00 00 00 00 00 00 00 00 00 00 00 00 
52B2: 00 00 00 00 00 00 00 00 00 00 00 00 00 00 00 00 
52C2: 00 00 00 00 00 00 00 00 00 00 00 00 00 00 00 00 
52D2: 00 00 00 00 00 00 00 00 00 00 00 00 00 00 00 00 
52E2: 00 00 00 00 00 00 00 00 00 00 00 00 00 00 00 00 
52F2: 00 00 00 00 00 00 00 00 00 00 00 00 00 00 00 00 
5302: 00 00 00 00 00 00 00 00 00 00 00 00 00 00 00 00 
5312: 00 00 00 00 00 00 00 00 00 00 00 00 00 00 00 00 
5322: 00 00 00 00 00 00 00 00 00 00 00 00 00 00 00 00 
5332: 00 00 00 00 00 00 00 00 00 00 00 00 00 00 00 00 
5342: 00 00 00 00 00 00 00 00 00 00 00 00 00 00 00 00 
5352: 00 00 00 00 00 00 00 00 00 00 00 00 00 00 00 00 
5362: 00 00 00 00 00 00 00 00 00 00 00 00 00 00 00 00 
5372: 00 00 00 00 00 00 00 00 00 00 00 00 00 00 00 00 
5382: 00 00 00 00 00 00 00 00 00 00 00 00 00 00 00 00 
5392: 00 00 00 00 00 00 00 00 00 00 00 00 00 00 00 00 
53A2: 00 00 00 00 00 00 00 00 00 00 00 00 00 00 00 00 
53B2: 00 00 00 00 00 00 00 00 00 00 00 00 00 00 00 00 
53C2: 00 00 00 00 00 00 00 00 00 00 00 00 00 00 00 00 
53D2: 00 00 00 00 00 00 00 00 00 00 00 00 00 00 00 00 
53E2: 00 00 00 00 00 00 00 00 00 00 00 00 00 00 00 00 
53F2: 00 00 00 00 00 00 00 00 00 00 00 00 00 00 00 00 
5402: 00 00 00 00 00 00 00 00 00 00 00 00 00 00 00 00 
5412: 00 00 00 00 00 00 00 00 00 00 00 00 00 00 00 00 
5422: 00 00 00 00 00 00 00 00 00 00 00 00 00 00 00 00 
5432: 00 00 00 00 00 00 00 00 00 00 00 00 00 00 00 00 
5442: 00 00 00 00 00 00 00 00 00 00 00 00 00 00 00 00 
5452: 00 00 00 00 00 00 00 00 00 00 00 00 00 00 00 00 
5462: 00 00 00 00 00 00 00 00 00 00 00 00 00 00 00 00 
5472: 00 00 00 00 00 00 00 00 00 00 00 00 00 00 00 00 
5482: 00 00 00 00 00 00 00 00 00 00 00 00 00 00 00 00 
5492: 00 00 00 00 00 00 00 00 00 00 00 00 00 00 00 00 
54A2: 00 00 00 00 00 00 00 00 00 00 00 00 00 00 00 00 
54B2: 00 00 00 00 00 00 00 00 00 00 00 00 00 00 00 00 
54C2: 00 00 00 00 00 00 00 00 00 00 00 00 00 00 00 00 
54D2: 00 00 00 00 00 00 00 00 00 00 00 00 00 00 00 00 
54E2: 00 00 00 00 00 00 00 00 00 00 00 00 00 00 00 00 
54F2: 00 00 00 00 00 00 00 00 00 00 00 00 00 00 00 00 
5502: 00 00 00 00 00 00 00 00 00 00 00 00 00 00 00 00 
5512: 00 00 00 00 00 00 00 00 00 00 00 00 00 00 00 00 
5522: 00 00 00 00 00 00 00 00 00 00 00 00 00 00 00 00 
5532: 00 00 00 00 00 00 00 00 00 00 00 00 00 00 00 00 
5542: 00 00 00 00 00 00 00 00 00 00 00 00 00 00 00 00 
5552: 00 00 00 00 00 00 00 00 00 00 00 00 00 00 00 00 
5562: 00 00 00 00 00 00 00 00 00 00 00 00 00 00 00 00 
5572: 00 00 00 00 00 00 00 00 00 00 00 00 00 00 00 00 
5582: 00 00 00 00 00 00 00 00 00 00 00 00 00 00 00 00 
5592: 00 00 00 00 00 00 00 00 00 00 00 00 00 00 00 00 
55A2: 00 00 00 00 00 00 00 00 00 00 00 00 00 00 00 00 
55B2: 00 00 00 00 00 00 00 00 00 00 00 00 00 00 00 00 
55C2: 00 00 00 00 00 00 00 00 00 00 00 00 00 00 00 00 
55D2: 00 00 00 00 00 00 00 00 00 00 00 00 00 00 00 00 
55E2: 00 00 00 00 00 00 00 00 00 00 00 00 00 00 00 00 
55F2: 00 00 00 00 00 00 00 00 00 00 00 00 00 00 00 00 
5602: 00 00 00 00 00 00 00 00 00 00 00 00 00 00 00 00 
5612: 00 00 00 00 00 00 00 00 00 00 00 00 00 00 00 00 
5622: 00 00 00 00 00 00 00 00 00 00 00 00 00 00 00 00 
5632: 00 00 00 00 00 00 00 00 00 00 00 00 00 00 00 00 
5642: 00 00 00 00 00 00 00 00 00 00 00 00 00 00 00 00 
5652: 00 00 00 00 00 00 00 00 00 00 00 00 00 00 00 00 
5662: 00 00 00 00 00 00 00 00 00 00 00 00 00 00 00 00 
5672: 00 00 00 00 00 00 00 00 00 00 00 00 00 00 00 00 
5682: 00 00 00 00 00 00 00 00 00 00 00 00 00 00 00 00 
5692: 00 00 00 00 00 00 00 00 00 00 00 00 00 00 00 00 
56A2: 00 00 00 00 00 00 00 00 00 00 00 00 00 00 00 00 
56B2: 00 00 00 00 00 00 00 00 00 00 00 00 00 00 00 00 
56C2: 00 00 00 00 00 00 00 00 00 00 00 00 00 00 00 00 
56D2: 00 00 00 00 00 00 00 00 00 00 00 00 00 00 00 00 
56E2: 00 00 00 00 00 00 00 00 00 00 00 00 00 00 00 00 
56F2: 00 00 00 00 00 00 00 00 00 00 00 00 00 00 00 00 
5702: 00 00 00 00 00 00 00 00 00 00 00 00 00 00 00 00 
5712: 00 00 00 00 00 00 00 00 00 00 00 00 00 00 00 00 
5722: 00 00 00 00 00 00 00 00 00 00 00 00 00 00 00 00 
5732: 00 00 00 00 00 00 00 00 00 00 00 00 00 00 00 00 
5742: 00 00 00 00 00 00 00 00 00 00 00 00 00 00 00 00 
5752: 00 00 00 00 00 00 00 00 00 00 00 00 00 00 00 00 
5762: 00 00 00 00 00 00 00 00 00 00 00 00 00 00 00 00 
5772: 00 00 00 00 00 00 00 00 00 00 00 00 00 00 00 00 
5782: 00 00 00 00 00 00 00 00 00 00 00 00 00 00 00 00 
5792: 00 00 00 00 00 00 00 00 00 00 00 00 00 00 00 00 
57A2: 00 00 00 00 00 00 00 00 00 00 00 00 00 00 00 00 
57B2: 00 00 00 00 00 00 00 00 00 00 00 00 00 00 00 00 
57C2: 00 00 00 00 00 00 00 00 00 00 00 00 00 00 00 00 
57D2: 00 00 00 00 00 00 00 00 00 00 00 00 00 00 00 00 
57E2: 00 00 00 00 00 00 00 00 00 00 00 00 00 00 00 00 
57F2: 00 00 00 00 00 00 00 00 00 00 00 00 00 00 00 00 
5802: 00 00 00 00 00 00 00 00 00 00 00 00 00 00 00 00 
5812: 00 00 00 00 00 00 00 00 00 00 00 00 00 00 00 00 
5822: 00 00 00 00 00 00 00 00 00 00 00 00 00 00 00 00 
5832: 00 00 00 00 00 00 00 00 00 00 00 00 00 00 00 00 
5842: 00 00 00 00 00 00 00 00 00 00 00 00 00 00 00 00 
5852: 00 00 00 00 00 00 00 00 00 00 00 00 00 00 00 00 
5862: 00 00 00 00 00 00 00 00 00 00 00 00 00 00 00 00 
5872: 00 00 00 00 00 00 00 00 00 00 00 00 00 00 00 00 
5882: 00 00 00 00 00 00 00 00 00 00 00 00 00 00 00 00 
5892: 00 00 00 00 00 00 00 00 00 00 00 00 00 00 00 00 
58A2: 00 00 00 00 00 00 00 00 00 00 00 00 00 00 00 00 
58B2: 00 00 00 00 00 00 00 00 00 00 00 00 00 00 00 00 
58C2: 00 00 00 00 00 00 00 00 00 00 00 00 00 00 00 00 
58D2: 00 00 00 00 00 00 00 00 00 00 00 00 00 00 00 00 
58E2: 00 00 00 00 00 00 00 00 00 00 00 00 00 00 00 00 
58F2: 00 00 00 00 00 00 00 00 00 00 00 00 00 00 00 00 
5902: 00 00 00 00 00 00 00 00 00 00 00 00 00 00 00 00 
5912: 00 00 00 00 00 00 00 00 00 00 00 00 00 00 00 00 
5922: 00 00 00 00 00 00 00 00 00 00 00 00 00 00 00 00 
5932: 00 00 00 00 00 00 00 00 00 00 00 00 00 00 00 00 
5942: 00 00 00 00 00 00 00 00 00 00 00 00 00 00 00 00 
5952: 00 00 00 00 00 00 00 00 00 00 00 00 00 00 00 00 
5962: 00 00 00 00 00 00 00 00 00 00 00 00 00 00 00 00 
5972: 00 00 00 00 00 00 00 00 00 00 00 00 00 00 00 00 
5982: 00 00 00 00 00 00 00 00 00 00 00 00 00 00 00 00 
5992: 00 00 00 00 00 00 00 00 00 00 00 00 00 00 00 00 
59A2: 00 00 00 00 00 00 00 00 00 00 00 00 00 00 00 00 
59B2: 00 00 00 00 00 00 00 00 00 00 00 00 00 00 00 00 
59C2: 00 00 00 00 00 00 00 00 00 00 00 00 00 00 00 00 
59D2: 00 00 00 00 00 00 00 00 00 00 00 00 00 00 00 00 
59E2: 00 00 00 00 00 00 00 00 00 00 00 00 00 00 00 00 
59F2: 00 00 00 00 00 00 00 00 00 00 00 00 00 00 00 00 
5A02: 00 00 00 00 00 00 00 00 00 00 00 00 00 00 00 00 
5A12: 00 00 00 00 00 00 00 00 00 00 00 00 00 00 00 00 
5A22: 00 00 00 00 00 00 00 00 00 00 00 00 00 00 00 00 
5A32: 00 00 00 00 00 00 00 00 00 00 00 00 00 00 00 00 
5A42: 00 00 00 00 00 00 00 00 00 00 00 00 00 00 00 00 
5A52: 00 00 00 00 00 00 00 00 00 00 00 00 00 00 00 00 
5A62: 00 00 00 00 00 00 00 00 00 00 00 00 00 00 00 00 
5A72: 00 00 00 00 00 00 00 00 00 00 00 00 00 00 00 00 
5A82: 00 00 00 00 00 00 00 00 00 00 00 00 00 00 00 00 
5A92: 00 00 00 00 00 00 00 00 00 00 00 00 00 00 00 00 
5AA2: 00 00 00 00 00 00 00 00 00 00 00 00 00 00 00 00 
5AB2: 00 00 00 00 00 00 00 00 00 00 00 00 00 00 00 00 
5AC2: 00 00 00 00 00 00 00 00 00 00 00 00 00 00 00 00 
5AD2: 00 00 00 00 00 00 00 00 00 00 00 00 00 00 00 00 
5AE2: 00 00 00 00 00 00 00 00 00 00 00 00 00 00 00 00 
5AF2: 00 00 00 00 00 00 00 00 00 00 00 00 00 00 00 00 
5B02: 00 00 00 00 00 00 00 00 00 00 00 00 00 00 00 00 
5B12: 00 00 00 00 00 00 00 00 00 00 00 00 00 00 00 00 
5B22: 00 00 00 00 00 00 00 00 00 00 00 00 00 00 00 00 
5B32: 00 00 00 00 00 00 00 00 00 00 00 00 00 00 00 00 
5B42: 00 00 00 00 00 00 00 00 00 00 00 00 00 00 00 00 
5B52: 00 00 00 00 00 00 00 00 00 00 00 00 00 00 00 00 
5B62: 00 00 00 00 00 00 00 00 00 00 00 00 00 00 00 00 
5B72: 00 00 00 00 00 00 00 00 00 00 00 00 00 00 00 00 
5B82: 00 00 00 00 00 00 00 00 00 00 00 00 00 00 00 00 
5B92: 00 00 00 00 00 00 00 00 00 00 00 00 00 00 00 00 
5BA2: 00 00 00 00 00 00 00 00 00 00 00 00 00 00 00 00 
5BB2: 00 00 00 00 00 00 00 00 00 00 00 00 00 00 00 00 
5BC2: 00 00 00 00 00 00 00 00 00 00 00 00 00 00 00 00 
5BD2: 00 00 00 00 00 00 00 00 00 00 00 00 00 00 00 00 
5BE2: 00 00 00 00 00 00 00 00 00 00 00 00 00 00 00 00 
5BF2: 00 00 00 00 00 00 00 00 00 00 00 00 00 00 00 00 
5C02: 00 00 00 00 00 00 00 00 00 00 00 00 00 00 00 00 
5C12: 00 00 00 00 00 00 00 00 00 00 00 00 00 00 00 00 
5C22: 00 00 00 00 00 00 00 00 00 00 00 00 00 00 00 00 
5C32: 00 00 00 00 00 00 00 00 00 00 00 00 00 00 00 00 
5C42: 00 00 00 00 00 00 00 00 00 00 00 00 00 00 00 00 
5C52: 00 00 00 00 00 00 00 00 00 00 00 00 00 00 00 00 
5C62: 00 00 00 00 00 00 00 00 00 00 00 00 00 00 00 00 
5C72: 00 00 00 00 00 00 00 00 00 00 00 00 00 00 00 00 
5C82: 00 00 00 00 00 00 00 00 00 00 00 00 00 00 00 00 
5C92: 00 00 00 00 00 00 00 00 00 00 00 00 00 00 00 00 
5CA2: 00 00 00 00 00 00 00 00 00 00 00 00 00 00 00 00 
5CB2: 00 00 00 00 00 00 00 00 00 00 00 00 00 00 00 00 
5CC2: 00 00 00 00 00 00 00 00 00 00 00 00 00 00 00 00 
5CD2: 00 00 00 00 00 00 00 00 00 00 00 00 00 00 00 00 
5CE2: 00 00 00 00 00 00 00 00 00 00 00 00 00 00 00 00 
5CF2: 00 00 00 00 00 00 00 00 00 00 00 00 00 00 00 00 
5D02: 00 00 00 00 00 00 00 00 00 00 00 00 00 00 00 00 
5D12: 00 00 00 00 00 00 00 00 00 00 00 00 00 00 00 00 
5D22: 00 00 00 00 00 00 00 00 00 00 00 00 00 00 00 00 
5D32: 00 00 00 00 00 00 00 00 00 00 00 00 00 00 00 00 
5D42: 00 00 00 00 00 00 00 00 00 00 00 00 00 00 00 00 
5D52: 00 00 00 00 00 00 00 00 00 00 00 00 00 00 00 00 
5D62: 00 00 00 00 00 00 00 00 00 00 00 00 00 00 00 00 
5D72: 00 00 00 00 00 00 00 00 00 00 00 00 00 00 00 00 
5D82: 00 00 00 00 00 00 00 00 00 00 00 00 00 00 00 00 
5D92: 00 00 00 00 00 00 00 00 00 00 00 00 00 00 00 00 
5DA2: 00 00 00 00 00 00 00 00 00 00 00 00 00 00 00 00 
5DB2: 00 00 00 00 00 00 00 00 00 00 00 00 00 00 00 00 
5DC2: 00 00 00 00 00 00 00 00 00 00 00 00 00 00 00 00 
5DD2: 00 00 00 00 00 00 00 00 00 00 00 00 00 00 00 00 
5DE2: 00 00 00 00 00 00 00 00 00 00 00 00 00 00 00 00 
5DF2: 00 00 00 00 00 00 00 00 00 00 00 00 00 00 00 00 
5E02: 00 00 00 00 00 00 00 00 00 00 00 00 00 00 00 00 
5E12: 00 00 00 00 00 00 00 00 00 00 00 00 00 00 00 00 
5E22: 00 00 00 00 00 00 00 00 00 00 00 00 00 00 00 00 
5E32: 00 00 00 00 00 00 00 00 00 00 00 00 00 00 00 00 
5E42: 00 00 00 00 00 00 00 00 00 00 00 00 00 00 00 00 
5E52: 00 00 00 00 00 00 00 00 00 00 00 00 00 00 00 00 
5E62: 00 00 00 00 00 00 00 00 00 00 00 00 00 00 00 00 
5E72: 00 00 00 00 00 00 00 00 00 00 00 00 00 00 00 00 
5E82: 00 00 00 00 00 00 00 00 00 00 00 00 00 00 00 00 
5E92: 00 00 00 00 00 00 00 00 00 00 00 00 00 00 00 00 
5EA2: 00 00 00 00 00 00 00 00 00 00 00 00 00 00 00 00 
5EB2: 00 00 00 00 00 00 00 00 00 00 00 00 00 00 00 00 
5EC2: 00 00 00 00 00 00 00 00 00 00 00 00 00 00 00 00 
5ED2: 00 00 00 00 00 00 00 00 00 00 00 00 00 00 00 00 
5EE2: 00 00 00 00 00 00 00 00 00 00 00 00 00 00 00 00 
5EF2: 00 00 00 00 00 00 00 00 00 00 00 00 00 00 00 00 
5F02: 00 00 00 00 00 00 00 00 00 00 00 00 00 00 00 00 
5F12: 00 00 00 00 00 00 00 00 00 00 00 00 00 00 00 00 
5F22: 00 00 00 00 00 00 00 00 00 00 00 00 00 00 00 00 
5F32: 00 00 00 00 00 00 00 00 00 00 00 00 00 00 00 00 
5F42: 00 00 00 00 00 00 00 00 00 00 00 00 00 00 00 00 
5F52: 00 00 00 00 00 00 00 00 00 00 00 00 00 00 00 00 
5F62: 00 00 00 00 00 00 00 00 00 00 00 00 00 00 00 00 
5F72: 00 00 00 00 00 00 00 00 00 00 00 00 00 00 00 00 
5F82: 00 00 00 00 00 00 00 00 00 00 00 00 00 00 00 00 
5F92: 00 00 00 00 00 00 00 00 00 00 00 00 00 00 00 00 
5FA2: 00 00 00 00 00 00 00 00 00 00 00 00 00 00 00 00 
5FB2: 00 00 00 00 00 00 00 00 00 00 00 00 00 00 00 00 
5FC2: 00 00 00 00 00 00 00 00 00 00 00 00 00 00 00 00 
5FD2: 00 00 00 00 00 00 00 00 00 00 00 00 00 00 00 00 
5FE2: 00 00 00 00 00 00 00 00 00 00 00 00 00 00 00 00 
5FF2: 00 00 00 00 00 00 00 00 00 00 00 00 00 00 00 00 
6002: 00 00 00 00 00 00 00 00 00 00 00 00 00 00 00 00 
6012: 00 00 00 00 00 00 00 00 00 00 00 00 00 00 00 00 
6022: 00 00 00 00 00 00 00 00 00 00 00 00 00 00 00 00 
6032: 00 00 00 00 00 00 00 00 00 00 00 00 00 00 00 00 
6042: 00 00 00 00 00 00 00 00 00 00 00 00 00 00 00 00 
6052: 00 00 00 00 00 00 00 00 00 00 00 00 00 00 00 00 
6062: 00 00 00 00 00 00 00 00 00 00 00 00 00 00 00 00 
6072: 00 00 00 00 00 00 00 00 00 00 00 00 00 00 00 00 
6082: 00 00 00 00 00 00 00 00 00 00 00 00 00 00 00 00 
6092: 00 00 00 00 00 00 00 00 00 00 00 00 00 00 00 00 
60A2: 00 00 00 00 00 00 00 00 00 00 00 00 00 00 00 00 
60B2: 00 00 00 00 00 00 00 00 00 00 00 00 00 00 00 00 
60C2: 00 00 00 00 00 00 00 00 00 00 00 00 00 00 00 00 
60D2: 00 00 00 00 00 00 00 00 00 00 00 00 00 00 00 00 
60E2: 00 00 00 00 00 00 00 00 00 00 00 00 00 00 00 00 
60F2: 00 00 00 00 00 00 00 00 00 00 00 00 00 00 00 00 
6102: 00 00 00 00 00 00 00 00 00 00 00 00 00 00 00 00 
6112: 00 00 00 00 00 00 00 00 00 00 00 00 00 00 00 00 
6122: 00 00 00 00 00 00 00 00 00 00 00 00 00 00 00 00 
6132: 00 00 00 00 00 00 00 00 00 00 00 00 00 00 00 00 
6142: 00 00 00 00 00 00 00 00 00 00 00 00 00 00 00 00 
6152: 00 00 00 00 00 00 00 00 00 00 00 00 00 00 00 00 
6162: 00 00 00 00 00 00 00 00 00 00 00 00 00 00 00 00 
6172: 00 00 00 00 00 00 00 00 00 00 00 00 00 00 00 00 
6182: 00 00 00 00 00 00 00 00 00 00 00 00 00 00 00 00 
6192: 00 00 00 00 00 00 00 00 00 00 00 00 00 00 00 00 
61A2: 00 00 00 00 00 00 00 00 00 00 00 00 00 00 00 00 
61B2: 00 00 00 00 00 00 00 00 00 00 00 00 00 00 00 00 
61C2: 00 00 00 00 00 00 00 00 00 00 00 00 00 00 00 00 
61D2: 00 00 00 00 00 00 00 00 00 00 00 00 00 00 00 00 
61E2: 00 00 00 00 00 00 00 00 00 00 00 00 00 00 00 00 
61F2: 00 00 00 00 00 00 00 00 00 00 00 00 00 00 00 00 
6202: 00 00 00 00 00 00 00 00 00 00 00 00 00 00 00 00 
6212: 00 00 00 00 00 00 00 00 00 00 00 00 00 00 00 00 
6222: 00 00 00 00 00 00 00 00 00 00 00 00 00 00 00 00 
6232: 00 00 00 00 00 00 00 00 00 00 00 00 00 00 00 00 
6242: 00 00 00 00 00 00 00 00 00 00 00 00 00 00 00 00 
6252: 00 00 00 00 00 00 00 00 00 00 00 00 00 00 00 00 
6262: 00 00 00 00 00 00 00 00 00 00 00 00 00 00 00 00 
6272: 00 00 00 00 00 00 00 00 00 00 00 00 00 00 00 00 
6282: 00 00 00 00 00 00 00 00 00 00 00 00 00 00 00 00 
6292: 00 00 00 00 00 00 00 00 00 00 00 00 00 00 00 00 
62A2: 00 00 00 00 00 00 00 00 00 00 00 00 00 00 00 00 
62B2: 00 00 00 00 00 00 00 00 00 00 00 00 00 00 00 00 
62C2: 00 00 00 00 00 00 00 00 00 00 00 00 00 00 00 00 
62D2: 00 00 00 00 00 00 00 00 00 00 00 00 00 00 00 00 
62E2: 00 00 00 00 00 00 00 00 00 00 00 00 00 00 00 00 
62F2: 00 00 00 00 00 00 00 00 00 00 00 00 00 00 00 00 
6302: 00 00 00 00 00 00 00 00 00 00 00 00 00 00 00 00 
6312: 00 00 00 00 00 00 00 00 00 00 00 00 00 00 00 00 
6322: 00 00 00 00 00 00 00 00 00 00 00 00 00 00 00 00 
6332: 00 00 00 00 00 00 00 00 00 00 00 00 00 00 00 00 
6342: 00 00 00 00 00 00 00 00 00 00 00 00 00 00 00 00 
6352: 00 00 00 00 00 00 00 00 00 00 00 00 00 00 00 00 
6362: 00 00 00 00 00 00 00 00 00 00 00 00 00 00 00 00 
6372: 00 00 00 00 00 00 00 00 00 00 00 00 00 00 00 00 
6382: 00 00 00 00 00 00 00 00 00 00 00 00 00 00 00 00 
6392: 00 00 00 00 00 00 00 00 00 00 00 00 00 00 00 00 
63A2: 00 00 00 00 00 00 00 00 00 00 00 00 00 00 00 00 
63B2: 00 00 00 00 00 00 00 00 00 00 00 00 00 00 00 00 
63C2: 00 00 00 00 00 00 00 00 00 00 00 00 00 00 00 00 
63D2: 00 00 00 00 00 00 00 00 00 00 00 00 00 00 00 00 
63E2: 00 00 00 00 00 00 00 00 00 00 00 00 00 00 00 00 
63F2: 00 00 00 00 00 00 00 00 00 00 00 00 00 00 00 00 
6402: 00 00 00 00 00 00 00 00 00 00 00 00 00 00 00 00 
6412: 00 00 00 00 00 00 00 00 00 00 00 00 00 00 00 00 
6422: 00 00 00 00 00 00 00 00 00 00 00 00 00 00 00 00 
6432: 00 00 00 00 00 00 00 00 00 00 00 00 00 00 00 00 
6442: 00 00 00 00 00 00 00 00 00 00 00 00 00 00 00 00 
6452: 00 00 00 00 00 00 00 00 00 00 00 00 00 00 00 00 
6462: 00 00 00 00 00 00 00 00 00 00 00 00 00 00 00 00 
6472: 00 00 00 00 00 00 00 00 00 00 00 00 00 00 00 00 
6482: 00 00 00 00 00 00 00 00 00 00 00 00 00 00 00 00 
6492: 00 00 00 00 00 00 00 00 00 00 00 00 00 00 00 00 
64A2: 00 00 00 00 00 00 00 00 00 00 00 00 00 00 00 00 
64B2: 00 00 00 00 00 00 00 00 00 00 00 00 00 00 00 00 
64C2: 00 00 00 00 00 00 00 00 00 00 00 00 00 00 00 00 
64D2: 00 00 00 00 00 00 00 00 00 00 00 00 00 00 00 00 
64E2: 00 00 00 00 00 00 00 00 00 00 00 00 00 00 00 00 
64F2: 00 00 00 00 00 00 00 00 00 00 00 00 00 00 00 00 
6502: 00 00 00 00 00 00 00 00 00 00 00 00 00 00 00 00 
6512: 00 00 00 00 00 00 00 00 00 00 00 00 00 00 00 00 
6522: 00 00 00 00 00 00 00 00 00 00 00 00 00 00 00 00 
6532: 00 00 00 00 00 00 00 00 00 00 00 00 00 00 00 00 
6542: 00 00 00 00 00 00 00 00 00 00 00 00 00 00 00 00 
6552: 00 00 00 00 00 00 00 00 00 00 00 00 00 00 00 00 
6562: 00 00 00 00 00 00 00 00 00 00 00 00 00 00 00 00 
6572: 00 00 00 00 00 00 00 00 00 00 00 00 00 00 00 00 
6582: 00 00 00 00 00 00 00 00 00 00 00 00 00 00 00 00 
6592: 00 00 00 00 00 00 00 00 00 00 00 00 00 00 00 00 
65A2: 00 00 00 00 00 00 00 00 00 00 00 00 00 00 00 00 
65B2: 00 00 00 00 00 00 00 00 00 00 00 00 00 00 00 00 
65C2: 00 00 00 00 00 00 00 00 00 00 00 00 00 00 00 00 
65D2: 00 00 00 00 00 00 00 00 00 00 00 00 00 00 00 00 
65E2: 00 00 00 00 00 00 00 00 00 00 00 00 00 00 00 00 
65F2: 00 00 00 00 00 00 00 00 00 00 00 00 00 00 00 00 
6602: 00 00 00 00 00 00 00 00 00 00 00 00 00 00 00 00 
6612: 00 00 00 00 00 00 00 00 00 00 00 00 00 00 00 00 
6622: 00 00 00 00 00 00 00 00 00 00 00 00 00 00 00 00 
6632: 00 00 00 00 00 00 00 00 00 00 00 00 00 00 00 00 
6642: 00 00 00 00 00 00 00 00 00 00 00 00 00 00 00 00 
6652: 00 00 00 00 00 00 00 00 00 00 00 00 00 00 00 00 
6662: 00 00 00 00 00 00 00 00 00 00 00 00 00 00 00 00 
6672: 00 00 00 00 00 00 00 00 00 00 00 00 00 00 00 00 
6682: 00 00 00 00 00 00 00 00 00 00 00 00 00 00 00 00 
6692: 00 00 00 00 00 00 00 00 00 00 00 00 00 00 00 00 
66A2: 00 00 00 00 00 00 00 00 00 00 00 00 00 00 00 00 
66B2: 00 00 00 00 00 00 00 00 00 00 00 00 00 00 00 00 
66C2: 00 00 00 00 00 00 00 00 00 00 00 00 00 00 00 00 
66D2: 00 00 00 00 00 00 00 00 00 00 00 00 00 00 00 00 
66E2: 00 00 00 00 00 00 00 00 00 00 00 00 00 00 00 00 
66F2: 00 00 00 00 00 00 00 00 00 00 00 00 00 00 00 00 
6702: 00 00 00 00 00 00 00 00 00 00 00 00 00 00 00 00 
6712: 00 00 00 00 00 00 00 00 00 00 00 00 00 00 00 00 
6722: 00 00 00 00 00 00 00 00 00 00 00 00 00 00 00 00 
6732: 00 00 00 00 00 00 00 00 00 00 00 00 00 00 00 00 
6742: 00 00 00 00 00 00 00 00 00 00 00 00 00 00 00 00 
6752: 00 00 00 00 00 00 00 00 00 00 00 00 00 00 00 00 
6762: 00 00 00 00 00 00 00 00 00 00 00 00 00 00 00 00 
6772: 00 00 00 00 00 00 00 00 00 00 00 00 00 00 00 00 
6782: 00 00 00 00 00 00 00 00 00 00 00 00 00 00 00 00 
6792: 00 00 00 00 00 00 00 00 00 00 00 00 00 00 00 00 
67A2: 00 00 00 00 00 00 00 00 00 00 00 00 00 00 00 00 
67B2: 00 00 00 00 00 00 00 00 00 00 00 00 00 00 00 00 
67C2: 00 00 00 00 00 00 00 00 00 00 00 00 00 00 00 00 
67D2: 00 00 00 00 00 00 00 00 00 00 00 00 00 00 00 00 
67E2: 00 00 00 00 00 00 00 00 00 00 00 00 00 00 00 00 
67F2: 00 00 00 00 00 00 00 00 00 00 00 00 00 00 00 00 
6802: 00 00 00 00 00 00 00 00 00 00 00 00 00 00 00 00 
6812: 00 00 00 00 00 00 00 00 00 00 00 00 00 00 00 00 
6822: 00 00 00 00 00 00 00 00 00 00 00 00 00 00 00 00 
6832: 00 00 00 00 00 00 00 00 00 00 00 00 00 00 00 00 
6842: 00 00 00 00 00 00 00 00 00 00 00 00 00 00 00 00 
6852: 00 00 00 00 00 00 00 00 00 00 00 00 00 00 00 00 
6862: 00 00 00 00 00 00 00 00 00 00 00 00 00 00 00 00 
6872: 00 00 00 00 00 00 00 00 00 00 00 00 00 00 00 00 
6882: 00 00 00 00 00 00 00 00 00 00 00 00 00 00 00 00 
6892: 00 00 00 00 00 00 00 00 00 00 00 00 00 00 00 00 
68A2: 00 00 00 00 00 00 00 00 00 00 00 00 00 00 00 00 
68B2: 00 00 00 00 00 00 00 00 00 00 00 00 00 00 00 00 
68C2: 00 00 00 00 00 00 00 00 00 00 00 00 00 00 00 00 
68D2: 00 00 00 00 00 00 00 00 00 00 00 00 00 00 00 00 
68E2: 00 00 00 00 00 00 00 00 00 00 00 00 00 00 00 00 
68F2: 00 00 00 00 00 00 00 00 00 00 00 00 00 00 00 00 
6902: 00 00 00 00 00 00 00 00 00 00 00 00 00 00 00 00 
6912: 00 00 00 00 00 00 00 00 00 00 00 00 00 00 00 00 
6922: 00 00 00 00 00 00 00 00 00 00 00 00 00 00 00 00 
6932: 00 00 00 00 00 00 00 00 00 00 00 00 00 00 00 00 
6942: 00 00 00 00 00 00 00 00 00 00 00 00 00 00 00 00 
6952: 00 00 00 00 00 00 00 00 00 00 00 00 00 00 00 00 
6962: 00 00 00 00 00 00 00 00 00 00 00 00 00 00 00 00 
6972: 00 00 00 00 00 00 00 00 00 00 00 00 00 00 00 00 
6982: 00 00 00 00 00 00 00 00 00 00 00 00 00 00 00 00 
6992: 00 00 00 00 00 00 00 00 00 00 00 00 00 00 00 00 
69A2: 00 00 00 00 00 00 00 00 00 00 00 00 00 00 00 00 
69B2: 00 00 00 00 00 00 00 00 00 00 00 00 00 00 00 00 
69C2: 00 00 00 00 00 00 00 00 00 00 00 00 00 00 00 00 
69D2: 00 00 00 00 00 00 00 00 00 00 00 00 00 00 00 00 
69E2: 00 00 00 00 00 00 00 00 00 00 00 00 00 00 00 00 
69F2: 00 00 00 00 00 00 00 00 00 00 00 00 00 00 00 00 
6A02: 00 00 00 00 00 00 00 00 00 00 00 00 00 00 00 00 
6A12: 00 00 00 00 00 00 00 00 00 00 00 00 00 00 00 00 
6A22: 00 00 00 00 00 00 00 00 00 00 00 00 00 00 00 00 
6A32: 00 00 00 00 00 00 00 00 00 00 00 00 00 00 00 00 
6A42: 00 00 00 00 00 00 00 00 00 00 00 00 00 00 00 00 
6A52: 00 00 00 00 00 00 00 00 00 00 00 00 00 00 00 00 
6A62: 00 00 00 00 00 00 00 00 00 00 00 00 00 00 00 00 
6A72: 00 00 00 00 00 00 00 00 00 00 00 00 00 00 00 00 
6A82: 00 00 00 00 00 00 00 00 00 00 00 00 00 00 00 00 
6A92: 00 00 00 00 00 00 00 00 00 00 00 00 00 00 00 00 
6AA2: 00 00 00 00 00 00 00 00 00 00 00 00 00 00 00 00 
6AB2: 00 00 00 00 00 00 00 00 00 00 00 00 00 00 00 00 
6AC2: 00 00 00 00 00 00 00 00 00 00 00 00 00 00 00 00 
6AD2: 00 00 00 00 00 00 00 00 00 00 00 00 00 00 00 00 
6AE2: 00 00 00 00 00 00 00 00 00 00 00 00 00 00 00 00 
6AF2: 00 00 00 00 00 00 00 00 00 00 00 00 00 00 00 00 
6B02: 00 00 00 00 00 00 00 00 00 00 00 00 00 00 00 00 
6B12: 00 00 00 00 00 00 00 00 00 00 00 00 00 00 00 00 
6B22: 00 00 00 00 00 00 00 00 00 00 00 00 00 00 00 00 
6B32: 00 00 00 00 00 00 00 00 00 00 00 00 00 00 00 00 
6B42: 00 00 00 00 00 00 00 00 00 00 00 00 00 00 00 00 
6B52: 00 00 00 00 00 00 00 00 00 00 00 00 00 00 00 00 
6B62: 00 00 00 00 00 00 00 00 00 00 00 00 00 00 00 00 
6B72: 00 00 00 00 00 00 00 00 00 00 00 00 00 00 00 00 
6B82: 00 00 00 00 00 00 00 00 00 00 00 00 00 00 00 00 
6B92: 00 00 00 00 00 00 00 00 00 00 00 00 00 00 00 00 
6BA2: 00 00 00 00 00 00 00 00 00 00 00 00 00 00 00 00 
6BB2: 00 00 00 00 00 00 00 00 00 00 00 00 00 00 00 00 
6BC2: 00 00 00 00 00 00 00 00 00 00 00 00 00 00 00 00 
6BD2: 00 00 00 00 00 00 00 00 00 00 00 00 00 00 00 00 
6BE2: 00 00 00 00 00 00 00 00 00 00 00 00 00 00 00 00 
6BF2: 00 00 00 00 00 00 00 00 00 00 00 00 00 00 00 00 
6C02: 00 00 00 00 00 00 00 00 00 00 00 00 00 00 00 00 
6C12: 00 00 00 00 00 00 00 00 00 00 00 00 00 00 00 00 
6C22: 00 00 00 00 00 00 00 00 00 00 00 00 00 00 00 00 
6C32: 00 00 00 00 00 00 00 00 00 00 00 00 00 00 00 00 
6C42: 00 00 00 00 00 00 00 00 00 00 00 00 00 00 00 00 
6C52: 00 00 00 00 00 00 00 00 00 00 00 00 00 00 00 00 
6C62: 00 00 00 00 00 00 00 00 00 00 00 00 00 00 00 00 
6C72: 00 00 00 00 00 00 00 00 00 00 00 00 00 00 00 00 
6C82: 00 00 00 00 00 00 00 00 00 00 00 00 00 00 00 00 
6C92: 00 00 00 00 00 00 00 00 00 00 00 00 00 00 00 00 
6CA2: 00 00 00 00 00 00 00 00 00 00 00 00 00 00 00 00 
6CB2: 00 00 00 00 00 00 00 00 00 00 00 00 00 00 00 00 
6CC2: 00 00 00 00 00 00 00 00 00 00 00 00 00 00 00 00 
6CD2: 00 00 00 00 00 00 00 00 00 00 00 00 00 00 00 00 
6CE2: 00 00 00 00 00 00 00 00 00 00 00 00 00 00 00 00 
6CF2: 00 00 00 00 00 00 00 00 00 00 00 00 00 00 00 00 
6D02: 00 00 00 00 00 00 00 00 00 00 00 00 00 00 00 00 
6D12: 00 00 00 00 00 00 00 00 00 00 00 00 00 00 00 00 
6D22: 00 00 00 00 00 00 00 00 00 00 00 00 00 00 00 00 
6D32: 00 00 00 00 00 00 00 00 00 00 00 00 00 00 00 00 
6D42: 00 00 00 00 00 00 00 00 00 00 00 00 00 00 00 00 
6D52: 00 00 00 00 00 00 00 00 00 00 00 00 00 00 00 00 
6D62: 00 00 00 00 00 00 00 00 00 00 00 00 00 00 00 00 
6D72: 00 00 00 00 00 00 00 00 00 00 00 00 00 00 00 00 
6D82: 00 00 00 00 00 00 00 00 00 00 00 00 00 00 00 00 
6D92: 00 00 00 00 00 00 00 00 00 00 00 00 00 00 00 00 
6DA2: 00 00 00 00 00 00 00 00 00 00 00 00 00 00 00 00 
6DB2: 00 00 00 00 00 00 00 00 00 00 00 00 00 00 00 00 
6DC2: 00 00 00 00 00 00 00 00 00 00 00 00 00 00 00 00 
6DD2: 00 00 00 00 00 00 00 00 00 00 00 00 00 00 00 00 
6DE2: 00 00 00 00 00 00 00 00 00 00 00 00 00 00 00 00 
6DF2: 00 00 00 00 00 00 00 00 00 00 00 00 00 00 00 00 
6E02: 00 00 00 00 00 00 00 00 00 00 00 00 00 00 00 00 
6E12: 00 00 00 00 00 00 00 00 00 00 00 00 00 00 00 00 
6E22: 00 00 00 00 00 00 00 00 00 00 00 00 00 00 00 00 
6E32: 00 00 00 00 00 00 00 00 00 00 00 00 00 00 00 00 
6E42: 00 00 00 00 00 00 00 00 00 00 00 00 00 00 00 00 
6E52: 00 00 00 00 00 00 00 00 00 00 00 00 00 00 00 00 
6E62: 00 00 00 00 00 00 00 00 00 00 00 00 00 00 00 00 
6E72: 00 00 00 00 00 00 00 00 00 00 00 00 00 00 00 00 
6E82: 00 00 00 00 00 00 00 00 00 00 00 00 00 00 00 00 
6E92: 00 00 00 00 00 00 00 00 00 00 00 00 00 00 00 00 
6EA2: 00 00 00 00 00 00 00 00 00 00 00 00 00 00 00 00 
6EB2: 00 00 00 00 00 00 00 00 00 00 00 00 00 00 00 00 
6EC2: 00 00 00 00 00 00 00 00 00 00 00 00 00 00 00 00 
6ED2: 00 00 00 00 00 00 00 00 00 00 00 00 00 00 00 00 
6EE2: 00 00 00 00 00 00 00 00 00 00 00 00 00 00 00 00 
6EF2: 00 00 00 00 00 00 00 00 00 00 00 00 00 00 00 00 
6F02: 00 00 00 00 00 00 00 00 00 00 00 00 00 00 00 00 
6F12: 00 00 00 00 00 00 00 00 00 00 00 00 00 00 00 00 
6F22: 00 00 00 00 00 00 00 00 00 00 00 00 00 00 00 00 
6F32: 00 00 00 00 00 00 00 00 00 00 00 00 00 00 00 00 
6F42: 00 00 00 00 00 00 00 00 00 00 00 00 00 00 00 00 
6F52: 00 00 00 00 00 00 00 00 00 00 00 00 00 00 00 00 
6F62: 00 00 00 00 00 00 00 00 00 00 00 00 00 00 00 00 
6F72: 00 00 00 00 00 00 00 00 00 00 00 00 00 00 00 00 
6F82: 00 00 00 00 00 00 00 00 00 00 00 00 00 00 00 00 
6F92: 00 00 00 00 00 00 00 00 00 00 00 00 00 00 00 00 
6FA2: 00 00 00 00 00 00 00 00 00 00 00 00 00 00 00 00 
6FB2: 00 00 00 00 00 00 00 00 00 00 00 00 00 00 00 00 
6FC2: 00 00 00 00 00 00 00 00 00 00 00 00 00 00 00 00 
6FD2: 00 00 00 00 00 00 00 00 00 00 00 00 00 00 00 00 
6FE2: 00 00 00 00 00 00 00 00 00 00 00 00 00 00 00 00 
6FF2: 00 00 00 00 00 00 00 00 00 00 00 00 00 00 00 00 
7002: 00 00 00 00 00 00 00 00 00 00 00 00 00 00 00 00 
7012: 00 00 00 00 00 00 00 00 00 00 00 00 00 00 00 00 
7022: 00 00 00 00 00 00 00 00 00 00 00 00 00 00 00 00 
7032: 00 00 00 00 00 00 00 00 00 00 00 00 00 00 00 00 
7042: 00 00 00 00 00 00 00 00 00 00 00 00 00 00 00 00 
7052: 00 00 00 00 00 00 00 00 00 00 00 00 00 00 00 00 
7062: 00 00 00 00 00 00 00 00 00 00 00 00 00 00 00 00 
7072: 00 00 00 00 00 00 00 00 00 00 00 00 00 00 00 00 
7082: 00 00 00 00 00 00 00 00 00 00 00 00 00 00 00 00 
7092: 00 00 00 00 00 00 00 00 00 00 00 00 00 00 00 00 
70A2: 00 00 00 00 00 00 00 00 00 00 00 00 00 00 00 00 
70B2: 00 00 00 00 00 00 00 00 00 00 00 00 00 00 00 00 
70C2: 00 00 00 00 00 00 00 00 00 00 00 00 00 00 00 00 
70D2: 00 00 00 00 00 00 00 00 00 00 00 00 00 00 00 00 
70E2: 00 00 00 00 00 00 00 00 00 00 00 00 00 00 00 00 
70F2: 00 00 00 00 00 00 00 00 00 00 00 00 00 00 00 00 
7102: 00 00 00 00 00 00 00 00 00 00 00 00 00 00 00 00 
7112: 00 00 00 00 00 00 00 00 00 00 00 00 00 00 00 00 
7122: 00 00 00 00 00 00 00 00 00 00 00 00 00 00 00 00 
7132: 00 00 00 00 00 00 00 00 00 00 00 00 00 00 00 00 
7142: 00 00 00 00 00 00 00 00 00 00 00 00 00 00 00 00 
7152: 00 00 00 00 00 00 00 00 00 00 00 00 00 00 00 00 
7162: 00 00 00 00 00 00 00 00 00 00 00 00 00 00 00 00 
7172: 00 00 00 00 00 00 00 00 00 00 00 00 00 00 00 00 
7182: 00 00 00 00 00 00 00 00 00 00 00 00 00 00 00 00 
7192: 00 00 00 00 00 00 00 00 00 00 00 00 00 00 00 00 
71A2: 00 00 00 00 00 00 00 00 00 00 00 00 00 00 00 00 
71B2: 00 00 00 00 00 00 00 00 00 00 00 00 00 00 00 00 
71C2: 00 00 00 00 00 00 00 00 00 00 00 00 00 00 00 00 
71D2: 00 00 00 00 00 00 00 00 00 00 00 00 00 00 00 00 
71E2: 00 00 00 00 00 00 00 00 00 00 00 00 00 00 00 00 
71F2: 00 00 00 00 00 00 00 00 00 00 00 00 00 00 00 00 
7202: 00 00 00 00 00 00 00 00 00 00 00 00 00 00 00 00 
7212: 00 00 00 00 00 00 00 00 00 00 00 00 00 00 00 00 
7222: 00 00 00 00 00 00 00 00 00 00 00 00 00 00 00 00 
7232: 00 00 00 00 00 00 00 00 00 00 00 00 00 00 00 00 
7242: 00 00 00 00 00 00 00 00 00 00 00 00 00 00 00 00 
7252: 00 00 00 00 00 00 00 00 00 00 00 00 00 00 00 00 
7262: 00 00 00 00 00 00 00 00 00 00 00 00 00 00 00 00 
7272: 00 00 00 00 00 00 00 00 00 00 00 00 00 00 00 00 
7282: 00 00 00 00 00 00 00 00 00 00 00 00 00 00 00 00 
7292: 00 00 00 00 00 00 00 00 00 00 00 00 00 00 00 00 
72A2: 00 00 00 00 00 00 00 00 00 00 00 00 00 00 00 00 
72B2: 00 00 00 00 00 00 00 00 00 00 00 00 00 00 00 00 
72C2: 00 00 00 00 00 00 00 00 00 00 00 00 00 00 00 00 
72D2: 00 00 00 00 00 00 00 00 00 00 00 00 00 00 00 00 
72E2: 00 00 00 00 00 00 00 00 00 00 00 00 00 00 00 00 
72F2: 00 00 00 00 00 00 00 00 00 00 00 00 00 00 00 00 
7302: 00 00 00 00 00 00 00 00 00 00 00 00 00 00 00 00 
7312: 00 00 00 00 00 00 00 00 00 00 00 00 00 00 00 00 
7322: 00 00 00 00 00 00 00 00 00 00 00 00 00 00 00 00 
7332: 00 00 00 00 00 00 00 00 00 00 00 00 00 00 00 00 
7342: 00 00 00 00 00 00 00 00 00 00 00 00 00 00 00 00 
7352: 00 00 00 00 00 00 00 00 00 00 00 00 00 00 00 00 
7362: 00 00 00 00 00 00 00 00 00 00 00 00 00 00 00 00 
7372: 00 00 00 00 00 00 00 00 00 00 00 00 00 00 00 00 
7382: 00 00 00 00 00 00 00 00 00 00 00 00 00 00 00 00 
7392: 00 00 00 00 00 00 00 00 00 00 00 00 00 00 00 00 
73A2: 00 00 00 00 00 00 00 00 00 00 00 00 00 00 00 00 
73B2: 00 00 00 00 00 00 00 00 00 00 00 00 00 00 00 00 
73C2: 00 00 00 00 00 00 00 00 00 00 00 00 00 00 00 00 
73D2: 00 00 00 00 00 00 00 00 00 00 00 00 00 00 00 00 
73E2: 00 00 00 00 00 00 00 00 00 00 00 00 00 00 00 00 
73F2: 00 00 00 00 00 00 00 00 00 00 00 00 00 00 00 00 
7402: 00 00 00 00 00 00 00 00 00 00 00 00 00 00 00 00 
7412: 00 00 00 00 00 00 00 00 00 00 00 00 00 00 00 00 
7422: 00 00 00 00 00 00 00 00 00 00 00 00 00 00 00 00 
7432: 00 00 00 00 00 00 00 00 00 00 00 00 00 00 00 00 
7442: 00 00 00 00 00 00 00 00 00 00 00 00 00 00 00 00 
7452: 00 00 00 00 00 00 00 00 00 00 00 00 00 00 00 00 
7462: 00 00 00 00 00 00 00 00 00 00 00 00 00 00 00 00 
7472: 00 00 00 00 00 00 00 00 00 00 00 00 00 00 00 00 
7482: 00 00 00 00 00 00 00 00 00 00 00 00 00 00 00 00 
7492: 00 00 00 00 00 00 00 00 00 00 00 00 00 00 00 00 
74A2: 00 00 00 00 00 00 00 00 00 00 00 00 00 00 00 00 
74B2: 00 00 00 00 00 00 00 00 00 00 00 00 00 00 00 00 
74C2: 00 00 00 00 00 00 00 00 00 00 00 00 00 00 00 00 
74D2: 00 00 00 00 00 00 00 00 00 00 00 00 00 00 00 00 
74E2: 00 00 00 00 00 00 00 00 00 00 00 00 00 00 00 00 
74F2: 00 00 00 00 00 00 00 00 00 00 00 00 00 00 00 00 
7502: 00 00 00 00 00 00 00 00 00 00 00 00 00 00 00 00 
7512: 00 00 00 00 00 00 00 00 00 00 00 00 00 00 00 00 
7522: 00 00 00 00 00 00 00 00 00 00 00 00 00 00 00 00 
7532: 00 00 00 00 00 00 00 00 00 00 00 00 00 00 00 00 
7542: 00 00 00 00 00 00 00 00 00 00 00 00 00 00 00 00 
7552: 00 00 00 00 00 00 00 00 00 00 00 00 00 00 00 00 
7562: 00 00 00 00 00 00 00 00 00 00 00 00 00 00 00 00 
7572: 00 00 00 00 00 00 00 00 00 00 00 00 00 00 00 00 
7582: 00 00 00 00 00 00 00 00 00 00 00 00 00 00 00 00 
7592: 00 00 00 00 00 00 00 00 00 00 00 00 00 00 00 00 
75A2: 00 00 00 00 00 00 00 00 00 00 00 00 00 00 00 00 
75B2: 00 00 00 00 00 00 00 00 00 00 00 00 00 00 00 00 
75C2: 00 00 00 00 00 00 00 00 00 00 00 00 00 00 00 00 
75D2: 00 00 00 00 00 00 00 00 00 00 00 00 00 00 00 00 
75E2: 00 00 00 00 00 00 00 00 00 00 00 00 00 00 00 00 
75F2: 00 00 00 00 00 00 00 00 00 00 00 00 00 00 00 00 
7602: 00 00 00 00 00 00 00 00 00 00 00 00 00 00 00 00 
7612: 00 00 00 00 00 00 00 00 00 00 00 00 00 00 00 00 
7622: 00 00 00 00 00 00 00 00 00 00 00 00 00 00 00 00 
7632: 00 00 00 00 00 00 00 00 00 00 00 00 00 00 00 00 
7642: 00 00 00 00 00 00 00 00 00 00 00 00 00 00 00 00 
7652: 00 00 00 00 00 00 00 00 00 00 00 00 00 00 00 00 
7662: 00 00 00 00 00 00 00 00 00 00 00 00 00 00 00 00 
7672: 00 00 00 00 00 00 00 00 00 00 00 00 00 00 00 00 
7682: 00 00 00 00 00 00 00 00 00 00 00 00 00 00 00 00 
7692: 00 00 00 00 00 00 00 00 00 00 00 00 00 00 00 00 
76A2: 00 00 00 00 00 00 00 00 00 00 00 00 00 00 00 00 
76B2: 00 00 00 00 00 00 00 00 00 00 00 00 00 00 00 00 
76C2: 00 00 00 00 00 00 00 00 00 00 00 00 00 00 00 00 
76D2: 00 00 00 00 00 00 00 00 00 00 00 00 00 00 00 00 
76E2: 00 00 00 00 00 00 00 00 00 00 00 00 00 00 00 00 
76F2: 00 00 00 00 00 00 00 00 00 00 00 00 00 00 00 00 
7702: 00 00 00 00 00 00 00 00 00 00 00 00 00 00 00 00 
7712: 00 00 00 00 00 00 00 00 00 00 00 00 00 00 00 00 
7722: 00 00 00 00 00 00 00 00 00 00 00 00 00 00 00 00 
7732: 00 00 00 00 00 00 00 00 00 00 00 00 00 00 00 00 
7742: 00 00 00 00 00 00 00 00 00 00 00 00 00 00 00 00 
7752: 00 00 00 00 00 00 00 00 00 00 00 00 00 00 00 00 
7762: 00 00 00 00 00 00 00 00 00 00 00 00 00 00 00 00 
7772: 00 00 00 00 00 00 00 00 00 00 00 00 00 00 00 00 
7782: 00 00 00 00 00 00 00 00 00 00 00 00 00 00 00 00 
7792: 00 00 00 00 00 00 00 00 00 00 00 00 00 00 00 00 
77A2: 00 00 00 00 00 00 00 00 00 00 00 00 00 00 00 00 
77B2: 00 00 00 00 00 00 00 00 00 00 00 00 00 00 00 00 
77C2: 00 00 00 00 00 00 00 00 00 00 00 00 00 00 00 00 
77D2: 00 00 00 00 00 00 00 00 00 00 00 00 00 00 00 00 
77E2: 00 00 00 00 00 00 00 00 00 00 00 00 00 00 00 00 
77F2: 00 00 00 00 00 00 00 00 00 00 00 00 00 00 00 00 
7802: 00 00 00 00 00 00 00 00 00 00 00 00 00 00 00 00 
7812: 00 00 00 00 00 00 00 00 00 00 00 00 00 00 00 00 
7822: 00 00 00 00 00 00 00 00 00 00 00 00 00 00 00 00 
7832: 00 00 00 00 00 00 00 00 00 00 00 00 00 00 00 00 
7842: 00 00 00 00 00 00 00 00 00 00 00 00 00 00 00 00 
7852: 00 00 00 00 00 00 00 00 00 00 00 00 00 00 00 00 
7862: 00 00 00 00 00 00 00 00 00 00 00 00 00 00 00 00 
7872: 00 00 00 00 00 00 00 00 00 00 00 00 00 00 00 00 
7882: 00 00 00 00 00 00 00 00 00 00 00 00 00 00 00 00 
7892: 00 00 00 00 00 00 00 00 00 00 00 00 00 00 00 00 
78A2: 00 00 00 00 00 00 00 00 00 00 00 00 00 00 00 00 
78B2: 00 00 00 00 00 00 00 00 00 00 00 00 00 00 00 00 
78C2: 00 00 00 00 00 00 00 00 00 00 00 00 00 00 00 00 
78D2: 00 00 00 00 00 00 00 00 00 00 00 00 00 00 00 00 
78E2: 00 00 00 00 00 00 00 00 00 00 00 00 00 00 00 00 
78F2: 00 00 00 00 00 00 00 00 00 00 00 00 00 00 00 00 
7902: 00 00 00 00 00 00 00 00 00 00 00 00 00 00 00 00 
7912: 00 00 00 00 00 00 00 00 00 00 00 00 00 00 00 00 
7922: 00 00 00 00 00 00 00 00 00 00 00 00 00 00 00 00 
7932: 00 00 00 00 00 00 00 00 00 00 00 00 00 00 00 00 
7942: 00 00 00 00 00 00 00 00 00 00 00 00 00 00 00 00 
7952: 00 00 00 00 00 00 00 00 00 00 00 00 00 00 00 00 
7962: 00 00 00 00 00 00 00 00 00 00 00 00 00 00 00 00 
7972: 00 00 00 00 00 00 00 00 00 00 00 00 00 00 00 00 
7982: 00 00 00 00 00 00 00 00 00 00 00 00 00 00 00 00 
7992: 00 00 00 00 00 00 00 00 00 00 00 00 00 00 00 00 
79A2: 00 00 00 00 00 00 00 00 00 00 00 00 00 00 00 00 
79B2: 00 00 00 00 00 00 00 00 00 00 00 00 00 00 00 00 
79C2: 00 00 00 00 00 00 00 00 00 00 00 00 00 00 00 00 
79D2: 00 00 00 00 00 00 00 00 00 00 00 00 00 00 00 00 
79E2: 00 00 00 00 00 00 00 00 00 00 00 00 00 00 00 00 
79F2: 00 00 00 00 00 00 00 00 00 00 00 00 00 00 00 00 
7A02: 00 00 00 00 00 00 00 00 00 00 00 00 00 00 00 00 
7A12: 00 00 00 00 00 00 00 00 00 00 00 00 00 00 00 00 
7A22: 00 00 00 00 00 00 00 00 00 00 00 00 00 00 00 00 
7A32: 00 00 00 00 00 00 00 00 00 00 00 00 00 00 00 00 
7A42: 00 00 00 00 00 00 00 00 00 00 00 00 00 00 00 00 
7A52: 00 00 00 00 00 00 00 00 00 00 00 00 00 00 00 00 
7A62: 00 00 00 00 00 00 00 00 00 00 00 00 00 00 00 00 
7A72: 00 00 00 00 00 00 00 00 00 00 00 00 00 00 00 00 
7A82: 00 00 00 00 00 00 00 00 00 00 00 00 00 00 00 00 
7A92: 00 00 00 00 00 00 00 00 00 00 00 00 00 00 00 00 
7AA2: 00 00 00 00 00 00 00 00 00 00 00 00 00 00 00 00 
7AB2: 00 00 00 00 00 00 00 00 00 00 00 00 00 00 00 00 
7AC2: 00 00 00 00 00 00 00 00 00 00 00 00 00 00 00 00 
7AD2: 00 00 00 00 00 00 00 00 00 00 00 00 00 00 00 00 
7AE2: 00 00 00 00 00 00 00 00 00 00 00 00 00 00 00 00 
7AF2: 00 00 00 00 00 00 00 00 00 00 00 00 00 00 00 00 
7B02: 00 00 00 00 00 00 00 00 00 00 00 00 00 00 00 00 
7B12: 00 00 00 00 00 00 00 00 00 00 00 00 00 00 00 00 
7B22: 00 00 00 00 00 00 00 00 00 00 00 00 00 00 00 00 
7B32: 00 00 00 00 00 00 00 00 00 00 00 00 00 00 00 00 
7B42: 00 00 00 00 00 00 00 00 00 00 00 00 00 00 00 00 
7B52: 00 00 00 00 00 00 00 00 00 00 00 00 00 00 00 00 
7B62: 00 00 00 00 00 00 00 00 00 00 00 00 00 00 00 00 
7B72: 00 00 00 00 00 00 00 00 00 00 00 00 00 00 00 00 
7B82: 00 00 00 00 00 00 00 00 00 00 00 00 00 00 00 00 
7B92: 00 00 00 00 00 00 00 00 00 00 00 00 00 00 00 00 
7BA2: 00 00 00 00 00 00 00 00 00 00 00 00 00 00 00 00 
7BB2: 00 00 00 00 00 00 00 00 00 00 00 00 00 00 00 00 
7BC2: 00 00 00 00 00 00 00 00 00 00 00 00 00 00 00 00 
7BD2: 00 00 00 00 00 00 00 00 00 00 00 00 00 00 00 00 
7BE2: 00 00 00 00 00 00 00 00 00 00 00 00 00 00 00 00 
7BF2: 00 00 00 00 00 00 00 00 00 00 00 00 00 00 00 00 
7C02: 00 00 00 00 00 00 00 00 00 00 00 00 00 00 00 00 
7C12: 00 00 00 00 00 00 00 00 00 00 00 00 00 00 00 00 
7C22: 00 00 00 00 00 00 00 00 00 00 00 00 00 00 00 00 
7C32: 00 00 00 00 00 00 00 00 00 00 00 00 00 00 00 00 
7C42: 00 00 00 00 00 00 00 00 00 00 00 00 00 00 00 00 
7C52: 00 00 00 00 00 00 00 00 00 00 00 00 00 00 00 00 
7C62: 00 00 00 00 00 00 00 00 00 00 00 00 00 00 00 00 
7C72: 00 00 00 00 00 00 00 00 00 00 00 00 00 00 00 00 
7C82: 00 00 00 00 00 00 00 00 00 00 00 00 00 00 00 00 
7C92: 00 00 00 00 00 00 00 00 00 00 00 00 00 00 00 00 
7CA2: 00 00 00 00 00 00 00 00 00 00 00 00 00 00 00 00 
7CB2: 00 00 00 00 00 00 00 00 00 00 00 00 00 00 00 00 
7CC2: 00 00 00 00 00 00 00 00 00 00 00 00 00 00 00 00 
7CD2: 00 00 00 00 00 00 00 00 00 00 00 00 00 00 00 00 
7CE2: 00 00 00 00 00 00 00 00 00 00 00 00 00 00 00 00 
7CF2: 00 00 00 00 00 00 00 00 00 00 00 00 00 00 00 00 
7D02: 00 00 00 00 00 00 00 00 00 00 00 00 00 00 00 00 
7D12: 00 00 00 00 00 00 00 00 00 00 00 00 00 00 00 00 
7D22: 00 00 00 00 00 00 00 00 00 00 00 00 00 00 00 00 
7D32: 00 00 00 00 00 00 00 00 00 00 00 00 00 00 00 00 
7D42: 00 00 00 00 00 00 00 00 00 00 00 00 00 00 00 00 
7D52: 00 00 00 00 00 00 00 00 00 00 00 00 00 00 00 00 
7D62: 00 00 00 00 00 00 00 00 00 00 00 00 00 00 00 00 
7D72: 00 00 00 00 00 00 00 00 00 00 00 00 00 00 00 00 
7D82: 00 00 00 00 00 00 00 00 00 00 00 00 00 00 00 00 
7D92: 00 00 00 00 00 00 00 00 00 00 00 00 00 00 00 00 
7DA2: 00 00 00 00 00 00 00 00 00 00 00 00 00 00 00 00 
7DB2: 00 00 00 00 00 00 00 00 00 00 00 00 00 00 00 00 
7DC2: 00 00 00 00 00 00 00 00 00 00 00 00 00 00 00 00 
7DD2: 00 00 00 00 00 00 00 00 00 00 00 00 00 00 00 00 
7DE2: 00 00 00 00 00 00 00 00 00 00 00 00 00 00 00 00 
7DF2: 00 00 00 00 00 00 00 00 00 00 00 00 00 00 00 00 
7E02: 00 00 00 00 00 00 00 00 00 00 00 00 00 00 00 00 
7E12: 00 00 00 00 00 00 00 00 00 00 00 00 00 00 00 00 
7E22: 00 00 00 00 00 00 00 00 00 00 00 00 00 00 00 00 
7E32: 00 00 00 00 00 00 00 00 00 00 00 00 00 00 00 00 
7E42: 00 00 00 00 00 00 00 00 00 00 00 00 00 00 00 00 
7E52: 00 00 00 00 00 00 00 00 00 00 00 00 00 00 00 00 
7E62: 00 00 00 00 00 00 00 00 00 00 00 00 00 00 00 00 
7E72: 00 00 00 00 00 00 00 00 00 00 00 00 00 00 00 00 
7E82: 00 00 00 00 00 00 00 00 00 00 00 00 00 00 00 00 
7E92: 00 00 00 00 00 00 00 00 00 00 00 00 00 00 00 00 
7EA2: 00 00 00 00 00 00 00 00 00 00 00 00 00 00 00 00 
7EB2: 00 00 00 00 00 00 00 00 00 00 00 00 00 00 00 00 
7EC2: 00 00 00 00 00 00 00 00 00 00 00 00 00 00 00 00 
7ED2: 00 00 00 00 00 00 00 00 00 00 00 00 00 00 00 00 
7EE2: 00 00 00 00 00 00 00 00 00 00 00 00 00 00 00 00 
7EF2: 00 00 00 00 00 00 00 00 00 00 00 00 00 00 00 00 
7F02: 00 00 00 00 00 00 00 00 00 00 00 00 00 00 00 00 
7F12: 00 00 00 00 00 00 00 00 00 00 00 00 00 00 00 00 
7F22: 00 00 00 00 00 00 00 00 00 00 00 00 00 00 00 00 
7F32: 00 00 00 00 00 00 00 00 00 00 00 00 00 00 00 00 
7F42: 00 00 00 00 00 00 00 00 00 00 00 00 00 00 00 00 
7F52: 00 00 00 00 00 00 00 00 00 00 00 00 00 00 00 00 
7F62: 00 00 00 00 00 00 00 00 00 00 00 00 00 00 00 00 
7F72: 00 00 00 00 00 00 00 00 00 00 00 00 00 00 00 00 
7F82: 00 00 00 00 00 00 00 00 00 00 00 00 00 00 00 00 
7F92: 00 00 00 00 00 00 00 00 00 00 00 00 00 00 00 00 
7FA2: 00 00 00 00 00 00 00 00 00 00 00 00 00 00 00 00 
7FB2: 00 00 00 00 00 00 00 00 00 00 00 00 00 00 00 00 
7FC2: 00 00 00 00 00 00 00 00 00 00 00 00 00 00 00 00 
7FD2: 00 00 00 00 00 00 00 00 00 00 00 00 00 00 00 00 
7FE2: 00 00 00 00 00 00 00 00 00 00 00 00 00 00 00 00 
7FF2: 00 00 00 00 00 00 00 00 00 00 00 00 00 00 00 00 
8002: 00 00 00 00 00 00 00 00 00 00 00 00 00 00 00 00 
8012: 00 00 00 00 00 00 00 00 00 00 00 00 00 00 00 00 
8022: 00 00 00 00 00 00 00 00 00 00 00 00 00 00 00 00 
8032: 00 00 00 00 00 00 00 00 00 00 00 00 00 00 00 00 
8042: 00 00 00 00 00 00 00 00 00 00 00 00 00 00 00 00 
8052: 00 00 00 00 00 00 00 00 00 00 00 00 00 00 00 00 
8062: 00 00 00 00 00 00 00 00 00 00 00 00 00 00 00 00 
8072: 00 00 00 00 00 00 00 00 00 00 00 00 00 00 00 00 
8082: 00 00 00 00 00 00 00 00 00 00 00 00 00 00 00 00 
8092: 00 00 00 00 00 00 00 00 00 00 00 00 00 00 00 00 
80A2: 00 00 00 00 00 00 00 00 00 00 00 00 00 00 00 00 
80B2: 00 00 00 00 00 00 00 00 00 00 00 00 00 00 00 00 
80C2: 00 00 00 00 00 00 00 00 00 00 00 00 00 00 00 00 
80D2: 00 00 00 00 00 00 00 00 00 00 00 00 00 00 00 00 
80E2: 00 00 00 00 00 00 00 00 00 00 00 00 00 00 00 00 
80F2: 00 00 00 00 00 00 00 00 00 00 00 00 00 00 00 00 
8102: 00 00 00 00 00 00 00 00 00 00 00 00 00 00 00 00 
8112: 00 00 00 00 00 00 00 00 00 00 00 00 00 00 00 00 
8122: 00 00 00 00 00 00 00 00 00 00 00 00 00 00 00 00 
8132: 00 00 00 00 00 00 00 00 00 00 00 00 00 00 00 00 
8142: 00 00 00 00 00 00 00 00 00 00 00 00 00 00 00 00 
8152: 00 00 00 00 00 00 00 00 00 00 00 00 00 00 00 00 
8162: 00 00 00 00 00 00 00 00 00 00 00 00 00 00 00 00 
8172: 00 00 00 00 00 00 00 00 00 00 00 00 00 00 00 00 
8182: 00 00 00 00 00 00 00 00 00 00 00 00 00 00 00 00 
8192: 00 00 00 00 00 00 00 00 00 00 00 00 00 00 00 00 
81A2: 00 00 00 00 00 00 00 00 00 00 00 00 00 00 00 00 
81B2: 00 00 00 00 00 00 00 00 00 00 00 00 00 00 00 00 
81C2: 00 00 00 00 00 00 00 00 00 00 00 00 00 00 00 00 
81D2: 00 00 00 00 00 00 00 00 00 00 00 00 00 00 00 00 
81E2: 00 00 00 00 00 00 00 00 00 00 00 00 00 00 00 00 
81F2: 00 00 00 00 00 00 00 00 00 00 00 00 00 00 00 00 
8202: 00 00 00 00 00 00 00 00 00 00 00 00 00 00 00 00 
8212: 00 00 00 00 00 00 00 00 00 00 00 00 00 00 00 00 
8222: 00 00 00 00 00 00 00 00 00 00 00 00 00 00 00 00 
8232: 00 00 00 00 00 00 00 00 00 00 00 00 00 00 00 00 
8242: 00 00 00 00 00 00 00 00 00 00 00 00 00 00 00 00 
8252: 00 00 00 00 00 00 00 00 00 00 00 00 00 00 00 00 
8262: 00 00 00 00 00 00 00 00 00 00 00 00 00 00 00 00 
8272: 00 00 00 00 00 00 00 00 00 00 00 00 00 00 00 00 
8282: 00 00 00 00 00 00 00 00 00 00 00 00 00 00 00 00 
8292: 00 00 00 00 00 00 00 00 00 00 00 00 00 00 00 00 
82A2: 00 00 00 00 00 00 00 00 00 00 00 00 00 00 00 00 
82B2: 00 00 00 00 00 00 00 00 00 00 00 00 00 00 00 00 
82C2: 00 00 00 00 00 00 00 00 00 00 00 00 00 00 00 00 
82D2: 00 00 00 00 00 00 00 00 00 00 00 00 00 00 00 00 
82E2: 00 00 00 00 00 00 00 00 00 00 00 00 00 00 00 00 
82F2: 00 00 00 00 00 00 00 00 00 00 00 00 00 00 00 00 
8302: 00 00 00 00 00 00 00 00 00 00 00 00 00 00 00 00 
8312: 00 00 00 00 00 00 00 00 00 00 00 00 00 00 00 00 
8322: 00 00 00 00 00 00 00 00 00 00 00 00 00 00 00 00 
8332: 00 00 00 00 00 00 00 00 00 00 00 00 00 00 00 00 
8342: 00 00 00 00 00 00 00 00 00 00 00 00 00 00 00 00 
8352: 00 00 00 00 00 00 00 00 00 00 00 00 00 00 00 00 
8362: 00 00 00 00 00 00 00 00 00 00 00 00 00 00 00 00 
8372: 00 00 00 00 00 00 00 00 00 00 00 00 00 00 00 00 
8382: 00 00 00 00 00 00 00 00 00 00 00 00 00 00 00 00 
8392: 00 00 00 00 00 00 00 00 00 00 00 00 00 00 00 00 
83A2: 00 00 00 00 00 00 00 00 00 00 00 00 00 00 00 00 
83B2: 00 00 00 00 00 00 00 00 00 00 00 00 00 00 00 00 
83C2: 00 00 00 00 00 00 00 00 00 00 00 00 00 00 00 00 
83D2: 00 00 00 00 00 00 00 00 00 00 00 00 00 00 00 00 
83E2: 00 00 00 00 00 00 00 00 00 00 00 00 00 00 00 00 
83F2: 00 00 00 00 00 00 00 00 00 00 00 00 00 00 00 00 
8402: 00 00 00 00 00 00 00 00 00 00 00 00 00 00 00 00 
8412: 00 00 00 00 00 00 00 00 00 00 00 00 00 00 00 00 
8422: 00 00 00 00 00 00 00 00 00 00 00 00 00 00 00 00 
8432: 00 00 00 00 00 00 00 00 00 00 00 00 00 00 00 00 
8442: 00 00 00 00 00 00 00 00 00 00 00 00 00 00 00 00 
8452: 00 00 00 00 00 00 00 00 00 00 00 00 00 00 00 00 
8462: 00 00 00 00 00 00 00 00 00 00 00 00 00 00 00 00 
8472: 00 00 00 00 00 00 00 00 00 00 00 00 00 00 00 00 
8482: 00 00 00 00 00 00 00 00 00 00 00 00 00 00 00 00 
8492: 00 00 00 00 00 00 00 00 00 00 00 00 00 00 00 00 
84A2: 00 00 00 00 00 00 00 00 00 00 00 00 00 00 00 00 
84B2: 00 00 00 00 00 00 00 00 00 00 00 00 00 00 00 00 
84C2: 00 00 00 00 00 00 00 00 00 00 00 00 00 00 00 00 
84D2: 00 00 00 00 00 00 00 00 00 00 00 00 00 00 00 00 
84E2: 00 00 00 00 00 00 00 00 00 00 00 00 00 00 00 00 
84F2: 00 00 00 00 00 00 00 00 00 00 00 00 00 00 00 00 
8502: 00 00 00 00 00 00 00 00 00 00 00 00 00 00 00 00 
8512: 00 00 00 00 00 00 00 00 00 00 00 00 00 00 00 00 
8522: 00 00 00 00 00 00 00 00 00 00 00 00 00 00 00 00 
8532: 00 00 00 00 00 00 00 00 00 00 00 00 00 00 00 00 
8542: 00 00 00 00 00 00 00 00 00 00 00 00 00 00 00 00 
8552: 00 00 00 00 00 00 00 00 00 00 00 00 00 00 00 00 
8562: 00 00 00 00 00 00 00 00 00 00 00 00 00 00 00 00 
8572: 00 00 00 00 00 00 00 00 00 00 00 00 00 00 00 00 
8582: 00 00 00 00 00 00 00 00 00 00 00 00 00 00 00 00 
8592: 00 00 00 00 00 00 00 00 00 00 00 00 00 00 00 00 
85A2: 00 00 00 00 00 00 00 00 00 00 00 00 00 00 00 00 
85B2: 00 00 00 00 00 00 00 00 00 00 00 00 00 00 00 00 
85C2: 00 00 00 00 00 00 00 00 00 00 00 00 00 00 00 00 
85D2: 00 00 00 00 00 00 00 00 00 00 00 00 00 00 00 00 
85E2: 00 00 00 00 00 00 00 00 00 00 00 00 00 00 00 00 
85F2: 00 00 00 00 00 00 00 00 00 00 00 00 00 00 00 00 
8602: 00 00 00 00 00 00 00 00 00 00 00 00 00 00 00 00 
8612: 00 00 00 00 00 00 00 00 00 00 00 00 00 00 00 00 
8622: 00 00 00 00 00 00 00 00 00 00 00 00 00 00 00 00 
8632: 00 00 00 00 00 00 00 00 00 00 00 00 00 00 00 00 
8642: 00 00 00 00 00 00 00 00 00 00 00 00 00 00 00 00 
8652: 00 00 00 00 00 00 00 00 00 00 00 00 00 00 00 00 
8662: 00 00 00 00 00 00 00 00 00 00 00 00 00 00 00 00 
8672: 00 00 00 00 00 00 00 00 00 00 00 00 00 00 00 00 
8682: 00 00 00 00 00 00 00 00 00 00 00 00 00 00 00 00 
8692: 00 00 00 00 00 00 00 00 00 00 00 00 00 00 00 00 
86A2: 00 00 00 00 00 00 00 00 00 00 00 00 00 00 00 00 
86B2: 00 00 00 00 00 00 00 00 00 00 00 00 00 00 00 00 
86C2: 00 00 00 00 00 00 00 00 00 00 00 00 00 00 00 00 
86D2: 00 00 00 00 00 00 00 00 00 00 00 00 00 00 00 00 
86E2: 00 00 00 00 00 00 00 00 00 00 00 00 00 00 00 00 
86F2: 00 00 00 00 00 00 00 00 00 00 00 00 00 00 00 00 
8702: 00 00 00 00 00 00 00 00 00 00 00 00 00 00 00 00 
8712: 00 00 00 00 00 00 00 00 00 00 00 00 00 00 00 00 
8722: 00 00 00 00 00 00 00 00 00 00 00 00 00 00 00 00 
8732: 00 00 00 00 00 00 00 00 00 00 00 00 00 00 00 00 
8742: 00 00 00 00 00 00 00 00 00 00 00 00 00 00 00 00 
8752: 00 00 00 00 00 00 00 00 00 00 00 00 00 00 00 00 
8762: 00 00 00 00 00 00 00 00 00 00 00 00 00 00 00 00 
8772: 00 00 00 00 00 00 00 00 00 00 00 00 00 00 00 00 
8782: 00 00 00 00 00 00 00 00 00 00 00 00 00 00 00 00 
8792: 00 00 00 00 00 00 00 00 00 00 00 00 00 00 00 00 
87A2: 00 00 00 00 00 00 00 00 00 00 00 00 00 00 00 00 
87B2: 00 00 00 00 00 00 00 00 00 00 00 00 00 00 00 00 
87C2: 00 00 00 00 00 00 00 00 00 00 00 00 00 00 00 00 
87D2: 00 00 00 00 00 00 00 00 00 00 00 00 00 00 00 00 
87E2: 00 00 00 00 00 00 00 00 00 00 00 00 00 00 00 00 
87F2: 00 00 00 00 00 00 00 00 00 00 00 00 00 00 00 00 
8802: 00 00 00 00 00 00 00 00 00 00 00 00 00 00 00 00 
8812: 00 00 00 00 00 00 00 00 00 00 00 00 00 00 00 00 
8822: 00 00 00 00 00 00 00 00 00 00 00 00 00 00 00 00 
8832: 00 00 00 00 00 00 00 00 00 00 00 00 00 00 00 00 
8842: 00 00 00 00 00 00 00 00 00 00 00 00 00 00 00 00 
8852: 00 00 00 00 00 00 00 00 00 00 00 00 00 00 00 00 
8862: 00 00 00 00 00 00 00 00 00 00 00 00 00 00 00 00 
8872: 00 00 00 00 00 00 00 00 00 00 00 00 00 00 00 00 
8882: 00 00 00 00 00 00 00 00 00 00 00 00 00 00 00 00 
8892: 00 00 00 00 00 00 00 00 00 00 00 00 00 00 00 00 
88A2: 00 00 00 00 00 00 00 00 00 00 00 00 00 00 00 00 
88B2: 00 00 00 00 00 00 00 00 00 00 00 00 00 00 00 00 
88C2: 00 00 00 00 00 00 00 00 00 00 00 00 00 00 00 00 
88D2: 00 00 00 00 00 00 00 00 00 00 00 00 00 00 00 00 
88E2: 00 00 00 00 00 00 00 00 00 00 00 00 00 00 00 00 
88F2: 00 00 00 00 00 00 00 00 00 00 00 00 00 00 00 00 
8902: 00 00 00 00 00 00 00 00 00 00 00 00 00 00 00 00 
8912: 00 00 00 00 00 00 00 00 00 00 00 00 00 00 00 00 
8922: 00 00 00 00 00 00 00 00 00 00 00 00 00 00 00 00 
8932: 00 00 00 00 00 00 00 00 00 00 00 00 00 00 00 00 
8942: 00 00 00 00 00 00 00 00 00 00 00 00 00 00 00 00 
8952: 00 00 00 00 00 00 00 00 00 00 00 00 00 00 00 00 
8962: 00 00 00 00 00 00 00 00 00 00 00 00 00 00 00 00 
8972: 00 00 00 00 00 00 00 00 00 00 00 00 00 00 00 00 
8982: 00 00 00 00 00 00 00 00 00 00 00 00 00 00 00 00 
8992: 00 00 00 00 00 00 00 00 00 00 00 00 00 00 00 00 
89A2: 00 00 00 00 00 00 00 00 00 00 00 00 00 00 00 00 
89B2: 00 00 00 00 00 00 00 00 00 00 00 00 00 00 00 00 
89C2: 00 00 00 00 00 00 00 00 00 00 00 00 00 00 00 00 
89D2: 00 00 00 00 00 00 00 00 00 00 00 00 00 00 00 00 
89E2: 00 00 00 00 00 00 00 00 00 00 00 00 00 00 00 00 
89F2: 00 00 00 00 00 00 00 00 00 00 00 00 00 00 00 00 
8A02: 00 00 00 00 00 00 00 00 00 00 00 00 00 00 00 00 
8A12: 00 00 00 00 00 00 00 00 00 00 00 00 00 00 00 00 
8A22: 00 00 00 00 00 00 00 00 00 00 00 00 00 00 00 00 
8A32: 00 00 00 00 00 00 00 00 00 00 00 00 00 00 00 00 
8A42: 00 00 00 00 00 00 00 00 00 00 00 00 00 00 00 00 
8A52: 00 00 00 00 00 00 00 00 00 00 00 00 00 00 00 00 
8A62: 00 00 00 00 00 00 00 00 00 00 00 00 00 00 00 00 
8A72: 00 00 00 00 00 00 00 00 00 00 00 00 00 00 00 00 
8A82: 00 00 00 00 00 00 00 00 00 00 00 00 00 00 00 00 
8A92: 00 00 00 00 00 00 00 00 00 00 00 00 00 00 00 00 
8AA2: 00 00 00 00 00 00 00 00 00 00 00 00 00 00 00 00 
8AB2: 00 00 00 00 00 00 00 00 00 00 00 00 00 00 00 00 
8AC2: 00 00 00 00 00 00 00 00 00 00 00 00 00 00 00 00 
8AD2: 00 00 00 00 00 00 00 00 00 00 00 00 00 00 00 00 
8AE2: 00 00 00 00 00 00 00 00 00 00 00 00 00 00 00 00 
8AF2: 00 00 00 00 00 00 00 00 00 00 00 00 00 00 00 00 
8B02: 00 00 00 00 00 00 00 00 00 00 00 00 00 00 00 00 
8B12: 00 00 00 00 00 00 00 00 00 00 00 00 00 00 00 00 
8B22: 00 00 00 00 00 00 00 00 00 00 00 00 00 00 00 00 
8B32: 00 00 00 00 00 00 00 00 00 00 00 00 00 00 00 00 
8B42: 00 00 00 00 00 00 00 00 00 00 00 00 00 00 00 00 
8B52: 00 00 00 00 00 00 00 00 00 00 00 00 00 00 00 00 
8B62: 00 00 00 00 00 00 00 00 00 00 00 00 00 00 00 00 
8B72: 00 00 00 00 00 00 00 00 00 00 00 00 00 00 00 00 
8B82: 00 00 00 00 00 00 00 00 00 00 00 00 00 00 00 00 
8B92: 00 00 00 00 00 00 00 00 00 00 00 00 00 00 00 00 
8BA2: 00 00 00 00 00 00 00 00 00 00 00 00 00 00 00 00 
8BB2: 00 00 00 00 00 00 00 00 00 00 00 00 00 00 00 00 
8BC2: 00 00 00 00 00 00 00 00 00 00 00 00 00 00 00 00 
8BD2: 00 00 00 00 00 00 00 00 00 00 00 00 00 00 00 00 
8BE2: 00 00 00 00 00 00 00 00 00 00 00 00 00 00 00 00 
8BF2: 00 00 00 00 00 00 00 00 00 00 00 00 00 00 00 00 
8C02: 00 00 00 00 00 00 00 00 00 00 00 00 00 00 00 00 
8C12: 00 00 00 00 00 00 00 00 00 00 00 00 00 00 00 00 
8C22: 00 00 00 00 00 00 00 00 00 00 00 00 00 00 00 00 
8C32: 00 00 00 00 00 00 00 00 00 00 00 00 00 00 00 00 
8C42: 00 00 00 00 00 00 00 00 00 00 00 00 00 00 00 00 
8C52: 00 00 00 00 00 00 00 00 00 00 00 00 00 00 00 00 
8C62: 00 00 00 00 00 00 00 00 00 00 00 00 00 00 00 00 
8C72: 00 00 00 00 00 00 00 00 00 00 00 00 00 00 00 00 
8C82: 00 00 00 00 00 00 00 00 00 00 00 00 00 00 00 00 
8C92: 00 00 00 00 00 00 00 00 00 00 00 00 00 00 00 00 
8CA2: 00 00 00 00 00 00 00 00 00 00 00 00 00 00 00 00 
8CB2: 00 00 00 00 00 00 00 00 00 00 00 00 00 00 00 00 
8CC2: 00 00 00 00 00 00 00 00 00 00 00 00 00 00 00 00 
8CD2: 00 00 00 00 00 00 00 00 00 00 00 00 00 00 00 00 
8CE2: 00 00 00 00 00 00 00 00 00 00 00 00 00 00 00 00 
8CF2: 00 00 00 00 00 00 00 00 00 00 00 00 00 00 00 00 
8D02: 00 00 00 00 00 00 00 00 00 00 00 00 00 00 00 00 
8D12: 00 00 00 00 00 00 00 00 00 00 00 00 00 00 00 00 
8D22: 00 00 00 00 00 00 00 00 00 00 00 00 00 00 00 00 
8D32: 00 00 00 00 00 00 00 00 00 00 00 00 00 00 00 00 
8D42: 00 00 00 00 00 00 00 00 00 00 00 00 00 00 00 00 
8D52: 00 00 00 00 00 00 00 00 00 00 00 00 00 00 00 00 
8D62: 00 00 00 00 00 00 00 00 00 00 00 00 00 00 00 00 
8D72: 00 00 00 00 00 00 00 00 00 00 00 00 00 00 00 00 
8D82: 00 00 00 00 00 00 00 00 00 00 00 00 00 00 00 00 
8D92: 00 00 00 00 00 00 00 00 00 00 00 00 00 00 00 00 
8DA2: 00 00 00 00 00 00 00 00 00 00 00 00 00 00 00 00 
8DB2: 00 00 00 00 00 00 00 00 00 00 00 00 00 00 00 00 
8DC2: 00 00 00 00 00 00 00 00 00 00 00 00 00 00 00 00 
8DD2: 00 00 00 00 00 00 00 00 00 00 00 00 00 00 00 00 
8DE2: 00 00 00 00 00 00 00 00 00 00 00 00 00 00 00 00 
8DF2: 00 00 00 00 00 00 00 00 00 00 00 00 00 00 00 00 
8E02: 00 00 00 00 00 00 00 00 00 00 00 00 00 00 00 00 
8E12: 00 00 00 00 00 00 00 00 00 00 00 00 00 00 00 00 
8E22: 00 00 00 00 00 00 00 00 00 00 00 00 00 00 00 00 
8E32: 00 00 00 00 00 00 00 00 00 00 00 00 00 00 00 00 
8E42: 00 00 00 00 00 00 00 00 00 00 00 00 00 00 00 00 
8E52: 00 00 00 00 00 00 00 00 00 00 00 00 00 00 00 00 
8E62: 00 00 00 00 00 00 00 00 00 00 00 00 00 00 00 00 
8E72: 00 00 00 00 00 00 00 00 00 00 00 00 00 00 00 00 
8E82: 00 00 00 00 00 00 00 00 00 00 00 00 00 00 00 00 
8E92: 00 00 00 00 00 00 00 00 00 00 00 00 00 00 00 00 
8EA2: 00 00 00 00 00 00 00 00 00 00 00 00 00 00 00 00 
8EB2: 00 00 00 00 00 00 00 00 00 00 00 00 00 00 00 00 
8EC2: 00 00 00 00 00 00 00 00 00 00 00 00 00 00 00 00 
8ED2: 00 00 00 00 00 00 00 00 00 00 00 00 00 00 00 00 
8EE2: 00 00 00 00 00 00 00 00 00 00 00 00 00 00 00 00 
8EF2: 00 00 00 00 00 00 00 00 00 00 00 00 00 00 00 00 
8F02: 00 00 00 00 00 00 00 00 00 00 00 00 00 00 00 00 
8F12: 00 00 00 00 00 00 00 00 00 00 00 00 00 00 00 00 
8F22: 00 00 00 00 00 00 00 00 00 00 00 00 00 00 00 00 
8F32: 00 00 00 00 00 00 00 00 00 00 00 00 00 00 00 00 
8F42: 00 00 00 00 00 00 00 00 00 00 00 00 00 00 00 00 
8F52: 00 00 00 00 00 00 00 00 00 00 00 00 00 00 00 00 
8F62: 00 00 00 00 00 00 00 00 00 00 00 00 00 00 00 00 
8F72: 00 00 00 00 00 00 00 00 00 00 00 00 00 00 00 00 
8F82: 00 00 00 00 00 00 00 00 00 00 00 00 00 00 00 00 
8F92: 00 00 00 00 00 00 00 00 00 00 00 00 00 00 00 00 
8FA2: 00 00 00 00 00 00 00 00 00 00 00 00 00 00 00 00 
8FB2: 00 00 00 00 00 00 00 00 00 00 00 00 00 00 00 00 
8FC2: 00 00 00 00 00 00 00 00 00 00 00 00 00 00 00 00 
8FD2: 00 00 00 00 00 00 00 00 00 00 00 00 00 00 00 00 
8FE2: 00 00 00 00 00 00 00 00 00 00 00 00 00 00 00 00 
8FF2: 00 00 00 00 00 00 00 00 00 00 00 00 00 00 00 00 
9002: 00 00 00 00 00 00 00 00 00 00 00 00 00 00 00 00 
9012: 00 00 00 00 00 00 00 00 00 00 00 00 00 00 00 00 
9022: 00 00 00 00 00 00 00 00 00 00 00 00 00 00 00 00 
9032: 00 00 00 00 00 00 00 00 00 00 00 00 00 00 00 00 
9042: 00 00 00 00 00 00 00 00 00 00 00 00 00 00 00 00 
9052: 00 00 00 00 00 00 00 00 00 00 00 00 00 00 00 00 
9062: 00 00 00 00 00 00 00 00 00 00 00 00 00 00 00 00 
9072: 00 00 00 00 00 00 00 00 00 00 00 00 00 00 00 00 
9082: 00 00 00 00 00 00 00 00 00 00 00 00 00 00 00 00 
9092: 00 00 00 00 00 00 00 00 00 00 00 00 00 00 00 00 
90A2: 00 00 00 00 00 00 00 00 00 00 00 00 00 00 00 00 
90B2: 00 00 00 00 00 00 00 00 00 00 00 00 00 00 00 00 
90C2: 00 00 00 00 00 00 00 00 00 00 00 00 00 00 00 00 
90D2: 00 00 00 00 00 00 00 00 00 00 00 00 00 00 00 00 
90E2: 00 00 00 00 00 00 00 00 00 00 00 00 00 00 00 00 
90F2: 00 00 00 00 00 00 00 00 00 00 00 00 00 00 00 00 
9102: 00 00 00 00 00 00 00 00 00 00 00 00 00 00 00 00 
9112: 00 00 00 00 00 00 00 00 00 00 00 00 00 00 00 00 
9122: 00 00 00 00 00 00 00 00 00 00 00 00 00 00 00 00 
9132: 00 00 00 00 00 00 00 00 00 00 00 00 00 00 00 00 
9142: 00 00 00 00 00 00 00 00 00 00 00 00 00 00 00 00 
9152: 00 00 00 00 00 00 00 00 00 00 00 00 00 00 00 00 
9162: 00 00 00 00 00 00 00 00 00 00 00 00 00 00 00 00 
9172: 00 00 00 00 00 00 00 00 00 00 00 00 00 00 00 00 
9182: 00 00 00 00 00 00 00 00 00 00 00 00 00 00 00 00 
9192: 00 00 00 00 00 00 00 00 00 00 00 00 00 00 00 00 
91A2: 00 00 00 00 00 00 00 00 00 00 00 00 00 00 00 00 
91B2: 00 00 00 00 00 00 00 00 00 00 00 00 00 00 00 00 
91C2: 00 00 00 00 00 00 00 00 00 00 00 00 00 00 00 00 
91D2: 00 00 00 00 00 00 00 00 00 00 00 00 00 00 00 00 
91E2: 00 00 00 00 00 00 00 00 00 00 00 00 00 00 00 00 
91F2: 00 00 00 00 00 00 00 00 00 00 00 00 00 00 00 00 
9202: 00 00 00 00 00 00 00 00 00 00 00 00 00 00 00 00 
9212: 00 00 00 00 00 00 00 00 00 00 00 00 00 00 00 00 
9222: 00 00 00 00 00 00 00 00 00 00 00 00 00 00 00 00 
9232: 00 00 00 00 00 00 00 00 00 00 00 00 00 00 00 00 
9242: 00 00 00 00 00 00 00 00 00 00 00 00 00 00 00 00 
9252: 00 00 00 00 00 00 00 00 00 00 00 00 00 00 00 00 
9262: 00 00 00 00 00 00 00 00 00 00 00 00 00 00 00 00 
9272: 00 00 00 00 00 00 00 00 00 00 00 00 00 00 00 00 
9282: 00 00 00 00 00 00 00 00 00 00 00 00 00 00 00 00 
9292: 00 00 00 00 00 00 00 00 00 00 00 00 00 00 00 00 
92A2: 00 00 00 00 00 00 00 00 00 00 00 00 00 00 00 00 
92B2: 00 00 00 00 00 00 00 00 00 00 00 00 00 00 00 00 
92C2: 00 00 00 00 00 00 00 00 00 00 00 00 00 00 00 00 
92D2: 00 00 00 00 00 00 00 00 00 00 00 00 00 00 00 00 
92E2: 00 00 00 00 00 00 00 00 00 00 00 00 00 00 00 00 
92F2: 00 00 00 00 00 00 00 00 00 00 00 00 00 00 00 00 
9302: 00 00 00 00 00 00 00 00 00 00 00 00 00 00 00 00 
9312: 00 00 00 00 00 00 00 00 00 00 00 00 00 00 00 00 
9322: 00 00 00 00 00 00 00 00 00 00 00 00 00 00 00 00 
9332: 00 00 00 00 00 00 00 00 00 00 00 00 00 00 00 00 
9342: 00 00 00 00 00 00 00 00 00 00 00 00 00 00 00 00 
9352: 00 00 00 00 00 00 00 00 00 00 00 00 00 00 00 00 
9362: 00 00 00 00 00 00 00 00 00 00 00 00 00 00 00 00 
9372: 00 00 00 00 00 00 00 00 00 00 00 00 00 00 00 00 
9382: 00 00 00 00 00 00 00 00 00 00 00 00 00 00 00 00 
9392: 00 00 00 00 00 00 00 00 00 00 00 00 00 00 00 00 
93A2: 00 00 00 00 00 00 00 00 00 00 00 00 00 00 00 00 
93B2: 00 00 00 00 00 00 00 00 00 00 00 00 00 00 00 00 
93C2: 00 00 00 00 00 00 00 00 00 00 00 00 00 00 00 00 
93D2: 00 00 00 00 00 00 00 00 00 00 00 00 00 00 00 00 
93E2: 00 00 00 00 00 00 00 00 00 00 00 00 00 00 00 00 
93F2: 00 00 00 00 00 00 00 00 00 00 00 00 00 00 00 00 
9402: 00 00 00 00 00 00 00 00 00 00 00 00 00 00 00 00 
9412: 00 00 00 00 00 00 00 00 00 00 00 00 00 00 00 00 
9422: 00 00 00 00 00 00 00 00 00 00 00 00 00 00 00 00 
9432: 00 00 00 00 00 00 00 00 00 00 00 00 00 00 00 00 
9442: 00 00 00 00 00 00 00 00 00 00 00 00 00 00 00 00 
9452: 00 00 00 00 00 00 00 00 00 00 00 00 00 00 00 00 
9462: 00 00 00 00 00 00 00 00 00 00 00 00 00 00 00 00 
9472: 00 00 00 00 00 00 00 00 00 00 00 00 00 00 00 00 
9482: 00 00 00 00 00 00 00 00 00 00 00 00 00 00 00 00 
9492: 00 00 00 00 00 00 00 00 00 00 00 00 00 00 00 00 
94A2: 00 00 00 00 00 00 00 00 00 00 00 00 00 00 00 00 
94B2: 00 00 00 00 00 00 00 00 00 00 00 00 00 00 00 00 
94C2: 00 00 00 00 00 00 00 00 00 00 00 00 00 00 00 00 
94D2: 00 00 00 00 00 00 00 00 00 00 00 00 00 00 00 00 
94E2: 00 00 00 00 00 00 00 00 00 00 00 00 00 00 00 00 
94F2: 00 00 00 00 00 00 00 00 00 00 00 00 00 00 00 00 
9502: 00 00 00 00 00 00 00 00 00 00 00 00 00 00 00 00 
9512: 00 00 00 00 00 00 00 00 00 00 00 00 00 00 00 00 
9522: 00 00 00 00 00 00 00 00 00 00 00 00 00 00 00 00 
9532: 00 00 00 00 00 00 00 00 00 00 00 00 00 00 00 00 
9542: 00 00 00 00 00 00 00 00 00 00 00 00 00 00 00 00 
9552: 00 00 00 00 00 00 00 00 00 00 00 00 00 00 00 00 
9562: 00 00 00 00 00 00 00 00 00 00 00 00 00 00 00 00 
9572: 00 00 00 00 00 00 00 00 00 00 00 00 00 00 00 00 
9582: 00 00 00 00 00 00 00 00 00 00 00 00 00 00 00 00 
9592: 00 00 00 00 00 00 00 00 00 00 00 00 00 00 00 00 
95A2: 00 00 00 00 00 00 00 00 00 00 00 00 00 00 00 00 
95B2: 00 00 00 00 00 00 00 00 00 00 00 00 00 00 00 00 
95C2: 00 00 00 00 00 00 00 00 00 00 00 00 00 00 00 00 
95D2: 00 00 00 00 00 00 00 00 00 00 00 00 00 00 00 00 
95E2: 00 00 00 00 00 00 00 00 00 00 00 00 00 00 00 00 
95F2: 00 00 00 00 00 00 00 00 00 00 00 00 00 00 00 00 
9602: 00 00 00 00 00 00 00 00 00 00 00 00 00 00 00 00 
9612: 00 00 00 00 00 00 00 00 00 00 00 00 00 00 00 00 
9622: 00 00 00 00 00 00 00 00 00 00 00 00 00 00 00 00 
9632: 00 00 00 00 00 00 00 00 00 00 00 00 00 00 00 00 
9642: 00 00 00 00 00 00 00 00 00 00 00 00 00 00 00 00 
9652: 00 00 00 00 00 00 00 00 00 00 00 00 00 00 00 00 
9662: 00 00 00 00 00 00 00 00 00 00 00 00 00 00 00 00 
9672: 00 00 00 00 00 00 00 00 00 00 00 00 00 00 00 00 
9682: 00 00 00 00 00 00 00 00 00 00 00 00 00 00 00 00 
9692: 00 00 00 00 00 00 00 00 00 00 00 00 00 00 00 00 
96A2: 00 00 00 00 00 00 00 00 00 00 00 00 00 00 00 00 
96B2: 00 00 00 00 00 00 00 00 00 00 00 00 00 00 00 00 
96C2: 00 00 00 00 00 00 00 00 00 00 00 00 00 00 00 00 
96D2: 00 00 00 00 00 00 00 00 00 00 00 00 00 00 00 00 
96E2: 00 00 00 00 00 00 00 00 00 00 00 00 00 00 00 00 
96F2: 00 00 00 00 00 00 00 00 00 00 00 00 00 00 00 00 
9702: 00 00 00 00 00 00 00 00 00 00 00 00 00 00 00 00 
9712: 00 00 00 00 00 00 00 00 00 00 00 00 00 00 00 00 
9722: 00 00 00 00 00 00 00 00 00 00 00 00 00 00 00 00 
9732: 00 00 00 00 00 00 00 00 00 00 00 00 00 00 00 00 
9742: 00 00 00 00 00 00 00 00 00 00 00 00 00 00 00 00 
9752: 00 00 00 00 00 00 00 00 00 00 00 00 00 00 00 00 
9762: 00 00 00 00 00 00 00 00 00 00 00 00 00 00 00 00 
9772: 00 00 00 00 00 00 00 00 00 00 00 00 00 00 00 00 
9782: 00 00 00 00 00 00 00 00 00 00 00 00 00 00 00 00 
9792: 00 00 00 00 00 00 00 00 00 00 00 00 00 00 00 00 
97A2: 00 00 00 00 00 00 00 00 00 00 00 00 00 00 00 00 
97B2: 00 00 00 00 00 00 00 00 00 00 00 00 00 00 00 00 
97C2: 00 00 00 00 00 00 00 00 00 00 00 00 00 00 00 00 
97D2: 00 00 00 00 00 00 00 00 00 00 00 00 00 00 00 00 
97E2: 00 00 00 00 00 00 00 00 00 00 00 00 00 00 00 00 
97F2: 00 00 00 00 00 00 00 00 00 00 00 00 00 00 00 00 
9802: 00 00 00 00 00 00 00 00 00 00 00 00 00 00 00 00 
9812: 00 00 00 00 00 00 00 00 00 00 00 00 00 00 00 00 
9822: 00 00 00 00 00 00 00 00 00 00 00 00 00 00 00 00 
9832: 00 00 00 00 00 00 00 00 00 00 00 00 00 00 00 00 
9842: 00 00 00 00 00 00 00 00 00 00 00 00 00 00 00 00 
9852: 00 00 00 00 00 00 00 00 00 00 00 00 00 00 00 00 
9862: 00 00 00 00 00 00 00 00 00 00 00 00 00 00 00 00 
9872: 00 00 00 00 00 00 00 00 00 00 00 00 00 00 00 00 
9882: 00 00 00 00 00 00 00 00 00 00 00 00 00 00 00 00 
9892: 00 00 00 00 00 00 00 00 00 00 00 00 00 00 00 00 
98A2: 00 00 00 00 00 00 00 00 00 00 00 00 00 00 00 00 
98B2: 00 00 00 00 00 00 00 00 00 00 00 00 00 00 00 00 
98C2: 00 00 00 00 00 00 00 00 00 00 00 00 00 00 00 00 
98D2: 00 00 00 00 00 00 00 00 00 00 00 00 00 00 00 00 
98E2: 00 00 00 00 00 00 00 00 00 00 00 00 00 00 00 00 
98F2: 00 00 00 00 00 00 00 00 00 00 00 00 00 00 00 00 
9902: 00 00 00 00 00 00 00 00 00 00 00 00 00 00 00 00 
9912: 00 00 00 00 00 00 00 00 00 00 00 00 00 00 00 00 
9922: 00 00 00 00 00 00 00 00 00 00 00 00 00 00 00 00 
9932: 00 00 00 00 00 00 00 00 00 00 00 00 00 00 00 00 
9942: 00 00 00 00 00 00 00 00 00 00 00 00 00 00 00 00 
9952: 00 00 00 00 00 00 00 00 00 00 00 00 00 00 00 00 
9962: 00 00 00 00 00 00 00 00 00 00 00 00 00 00 00 00 
9972: 00 00 00 00 00 00 00 00 00 00 00 00 00 00 00 00 
9982: 00 00 00 00 00 00 00 00 00 00 00 00 00 00 00 00 
9992: 00 00 00 00 00 00 00 00 00 00 00 00 00 00 00 00 
99A2: 00 00 00 00 00 00 00 00 00 00 00 00 00 00 00 00 
99B2: 00 00 00 00 00 00 00 00 00 00 00 00 00 00 00 00 
99C2: 00 00 00 00 00 00 00 00 00 00 00 00 00 00 00 00 
99D2: 00 00 00 00 00 00 00 00 00 00 00 00 00 00 00 00 
99E2: 00 00 00 00 00 00 00 00 00 00 00 00 00 00 00 00 
99F2: 00 00 00 00 00 00 00 00 00 00 00 00 00 00 00 00 
9A02: 00 00 00 00 00 00 00 00 00 00 00 00 00 00 00 00 
9A12: 00 00 00 00 00 00 00 00 00 00 00 00 00 00 00 00 
9A22: 00 00 00 00 00 00 00 00 00 00 00 00 00 00 00 00 
9A32: 00 00 00 00 00 00 00 00 00 00 00 00 00 00 00 00 
9A42: 00 00 00 00 00 00 00 00 00 00 00 00 00 00 00 00 
9A52: 00 00 00 00 00 00 00 00 00 00 00 00 00 00 00 00 
9A62: 00 00 00 00 00 00 00 00 00 00 00 00 00 00 00 00 
9A72: 00 00 00 00 00 00 00 00 00 00 00 00 00 00 00 00 
9A82: 00 00 00 00 00 00 00 00 00 00 00 00 00 00 00 00 
9A92: 00 00 00 00 00 00 00 00 00 00 00 00 00 00 00 00 
9AA2: 00 00 00 00 00 00 00 00 00 00 00 00 00 00 00 00 
9AB2: 00 00 00 00 00 00 00 00 00 00 00 00 00 00 00 00 
9AC2: 00 00 00 00 00 00 00 00 00 00 00 00 00 00 00 00 
9AD2: 00 00 00 00 00 00 00 00 00 00 00 00 00 00 00 00 
9AE2: 00 00 00 00 00 00 00 00 00 00 00 00 00 00 00 00 
9AF2: 00 00 00 00 00 00 00 00 00 00 00 00 00 00 00 00 
9B02: 00 00 00 00 00 00 00 00 00 00 00 00 00 00 00 00 
9B12: 00 00 00 00 00 00 00 00 00 00 00 00 00 00 00 00 
9B22: 00 00 00 00 00 00 00 00 00 00 00 00 00 00 00 00 
9B32: 00 00 00 00 00 00 00 00 00 00 00 00 00 00 00 00 
9B42: 00 00 00 00 00 00 00 00 00 00 00 00 00 00 00 00 
9B52: 00 00 00 00 00 00 00 00 00 00 00 00 00 00 00 00 
9B62: 00 00 00 00 00 00 00 00 00 00 00 00 00 00 00 00 
9B72: 00 00 00 00 00 00 00 00 00 00 00 00 00 00 00 00 
9B82: 00 00 00 00 00 00 00 00 00 00 00 00 00 00 00 00 
9B92: 00 00 00 00 00 00 00 00 00 00 00 00 00 00 00 00 
9BA2: 00 00 00 00 00 00 00 00 00 00 00 00 00 00 00 00 
9BB2: 00 00 00 00 00 00 00 00 00 00 00 00 00 00 00 00 
9BC2: 00 00 00 00 00 00 00 00 00 00 00 00 00 00 00 00 
9BD2: 00 00 00 00 00 00 00 00 00 00 00 00 00 00 00 00 
9BE2: 00 00 00 00 00 00 00 00 00 00 00 00 00 00 00 00 
9BF2: 00 00 00 00 00 00 00 00 00 00 00 00 00 00 00 00 
9C02: 00 00 00 00 00 00 00 00 00 00 00 00 00 00 00 00 
9C12: 00 00 00 00 00 00 00 00 00 00 00 00 00 00 00 00 
9C22: 00 00 00 00 00 00 00 00 00 00 00 00 00 00 00 00 
9C32: 00 00 00 00 00 00 00 00 00 00 00 00 00 00 00 00 
9C42: 00 00 00 00 00 00 00 00 00 00 00 00 00 00 00 00 
9C52: 00 00 00 00 00 00 00 00 00 00 00 00 00 00 00 00 
9C62: 00 00 00 00 00 00 00 00 00 00 00 00 00 00 00 00 
9C72: 00 00 00 00 00 00 00 00 00 00 00 00 00 00 00 00 
9C82: 00 00 00 00 00 00 00 00 00 00 00 00 00 00 00 00 
9C92: 00 00 00 00 00 00 00 00 00 00 00 00 00 00 00 00 
9CA2: 00 00 00 00 00 00 00 00 00 00 00 00 00 00 00 00 
9CB2: 00 00 00 00 00 00 00 00 00 00 00 00 00 00 00 00 
9CC2: 00 00 00 00 00 00 00 00 00 00 00 00 00 00 00 00 
9CD2: 00 00 00 00 00 00 00 00 00 00 00 00 00 00 00 00 
9CE2: 00 00 00 00 00 00 00 00 00 00 00 00 00 00 00 00 
9CF2: 00 00 00 00 00 00 00 00 00 00 00 00 00 00 00 00 
9D02: 00 00 00 00 00 00 00 00 00 00 00 00 00 00 00 00 
9D12: 00 00 00 00 00 00 00 00 00 00 00 00 00 00 00 00 
9D22: 00 00 00 00 00 00 00 00 00 00 00 00 00 00 00 00 
9D32: 00 00 00 00 00 00 00 00 00 00 00 00 00 00 00 00 
9D42: 00 00 00 00 00 00 00 00 00 00 00 00 00 00 00 00 
9D52: 00 00 00 00 00 00 00 00 00 00 00 00 00 00 00 00 
9D62: 00 00 00 00 00 00 00 00 00 00 00 00 00 00 00 00 
9D72: 00 00 00 00 00 00 00 00 00 00 00 00 00 00 00 00 
9D82: 00 00 00 00 00 00 00 00 00 00 00 00 00 00 00 00 
9D92: 00 00 00 00 00 00 00 00 00 00 00 00 00 00 00 00 
9DA2: 00 00 00 00 00 00 00 00 00 00 00 00 00 00 00 00 
9DB2: 00 00 00 00 00 00 00 00 00 00 00 00 00 00 00 00 
9DC2: 00 00 00 00 00 00 00 00 00 00 00 00 00 00 00 00 
9DD2: 00 00 00 00 00 00 00 00 00 00 00 00 00 00 00 00 
9DE2: 00 00 00 00 00 00 00 00 00 00 00 00 00 00 00 00 
9DF2: 00 00 00 00 00 00 00 00 00 00 00 00 00 00 00 00 
9E02: 00 00 00 00 00 00 00 00 00 00 00 00 00 00 00 00 
9E12: 00 00 00 00 00 00 00 00 00 00 00 00 00 00 00 00 
9E22: 00 00 00 00 00 00 00 00 00 00 00 00 00 00 00 00 
9E32: 00 00 00 00 00 00 00 00 00 00 00 00 00 00 00 00 
9E42: 00 00 00 00 00 00 00 00 00 00 00 00 00 00 00 00 
9E52: 00 00 00 00 00 00 00 00 00 00 00 00 00 00 00 00 
9E62: 00 00 00 00 00 00 00 00 00 00 00 00 00 00 00 00 
9E72: 00 00 00 00 00 00 00 00 00 00 00 00 00 00 00 00 
9E82: 00 00 00 00 00 00 00 00 00 00 00 00 00 00 00 00 
9E92: 00 00 00 00 00 00 00 00 00 00 00 00 00 00 00 00 
9EA2: 00 00 00 00 00 00 00 00 00 00 00 00 00 00 00 00 
9EB2: 00 00 00 00 00 00 00 00 00 00 00 00 00 00 00 00 
9EC2: 00 00 00 00 00 00 00 00 00 00 00 00 00 00 00 00 
9ED2: 00 00 00 00 00 00 00 00 00 00 00 00 00 00 00 00 
9EE2: 00 00 00 00 00 00 00 00 00 00 00 00 00 00 00 00 
9EF2: 00 00 00 00 00 00 00 00 00 00 00 00 00 00 00 00 
9F02: 00 00 00 00 00 00 00 00 00 00 00 00 00 00 00 00 
9F12: 00 00 00 00 00 00 00 00 00 00 00 00 00 00 00 00 
9F22: 00 00 00 00 00 00 00 00 00 00 00 00 00 00 00 00 
9F32: 00 00 00 00 00 00 00 00 00 00 00 00 00 00 00 00 
9F42: 00 00 00 00 00 00 00 00 00 00 00 00 00 00 00 00 
9F52: 00 00 00 00 00 00 00 00 00 00 00 00 00 00 00 00 
9F62: 00 00 00 00 00 00 00 00 00 00 00 00 00 00 00 00 
9F72: 00 00 00 00 00 00 00 00 00 00 00 00 00 00 00 00 
9F82: 00 00 00 00 00 00 00 00 00 00 00 00 00 00 00 00 
9F92: 00 00 00 00 00 00 00 00 00 00 00 00 00 00 00 00 
9FA2: 00 00 00 00 00 00 00 00 00 00 00 00 00 00 00 00 
9FB2: 00 00 00 00 00 00 00 00 00 00 00 00 00 00 00 00 
9FC2: 00 00 00 00 00 00 00 00 00 00 00 00 00 00 00 00 
9FD2: 00 00 00 00 00 00 00 00 00 00 00 00 00 00 00 00 
9FE2: 00 00 00 00 00 00 00 00 00 00 00 00 00 00 00 00 
9FF2: 00 00 00 00 00 00 00 00 00 00 00 00 00 00 00 00 
A002: 00 00 00 00 00 00 00 00 00 00 00 00 00 00 00 00 
A012: 00 00 00 00 00 00 00 00 00 00 00 00 00 00 00 00 
A022: 00 00 00 00 00 00 00 00 00 00 00 00 00 00 00 00 
A032: 00 00 00 00 00 00 00 00 00 00 00 00 00 00 00 00 
A042: 00 00 00 00 00 00 00 00 00 00 00 00 00 00 00 00 
A052: 00 00 00 00 00 00 00 00 00 00 00 00 00 00 00 00 
A062: 00 00 00 00 00 00 00 00 00 00 00 00 00 00 00 00 
A072: 00 00 00 00 00 00 00 00 00 00 00 00 00 00 00 00 
A082: 00 00 00 00 00 00 00 00 00 00 00 00 00 00 00 00 
A092: 00 00 00 00 00 00 00 00 00 00 00 00 00 00 00 00 
A0A2: 00 00 00 00 00 00 00 00 00 00 00 00 00 00 00 00 
A0B2: 00 00 00 00 00 00 00 00 00 00 00 00 00 00 00 00 
A0C2: 00 00 00 00 00 00 00 00 00 00 00 00 00 00 00 00 
A0D2: 00 00 00 00 00 00 00 00 00 00 00 00 00 00 00 00 
A0E2: 00 00 00 00 00 00 00 00 00 00 00 00 00 00 00 00 
A0F2: 00 00 00 00 00 00 00 00 00 00 00 00 00 00 00 00 
A102: 00 00 00 00 00 00 00 00 00 00 00 00 00 00 00 00 
A112: 00 00 00 00 00 00 00 00 00 00 00 00 00 00 00 00 
A122: 00 00 00 00 00 00 00 00 00 00 00 00 00 00 00 00 
A132: 00 00 00 00 00 00 00 00 00 00 00 00 00 00 00 00 
A142: 00 00 00 00 00 00 00 00 00 00 00 00 00 00 00 00 
A152: 00 00 00 00 00 00 00 00 00 00 00 00 00 00 00 00 
A162: 00 00 00 00 00 00 00 00 00 00 00 00 00 00 00 00 
A172: 00 00 00 00 00 00 00 00 00 00 00 00 00 00 00 00 
A182: 00 00 00 00 00 00 00 00 00 00 00 00 00 00 00 00 
A192: 00 00 00 00 00 00 00 00 00 00 00 00 00 00 00 00 
A1A2: 00 00 00 00 00 00 00 00 00 00 00 00 00 00 00 00 
A1B2: 00 00 00 00 00 00 00 00 00 00 00 00 00 00 00 00 
A1C2: 00 00 00 00 00 00 00 00 00 00 00 00 00 00 00 00 
A1D2: 00 00 00 00 00 00 00 00 00 00 00 00 00 00 00 00 
A1E2: 00 00 00 00 00 00 00 00 00 00 00 00 00 00 00 00 
A1F2: 00 00 00 00 00 00 00 00 00 00 00 00 00 00 00 00 
A202: 00 00 00 00 00 00 00 00 00 00 00 00 00 00 00 00 
A212: 00 00 00 00 00 00 00 00 00 00 00 00 00 00 00 00 
A222: 00 00 00 00 00 00 00 00 00 00 00 00 00 00 00 00 
A232: 00 00 00 00 00 00 00 00 00 00 00 00 00 00 00 00 
A242: 00 00 00 00 00 00 00 00 00 00 00 00 00 00 00 00 
A252: 00 00 00 00 00 00 00 00 00 00 00 00 00 00 00 00 
A262: 00 00 00 00 00 00 00 00 00 00 00 00 00 00 00 00 
A272: 00 00 00 00 00 00 00 00 00 00 00 00 00 00 00 00 
A282: 00 00 00 00 00 00 00 00 00 00 00 00 00 00 00 00 
A292: 00 00 00 00 00 00 00 00 00 00 00 00 00 00 00 00 
A2A2: 00 00 00 00 00 00 00 00 00 00 00 00 00 00 00 00 
A2B2: 00 00 00 00 00 00 00 00 00 00 00 00 00 00 00 00 
A2C2: 00 00 00 00 00 00 00 00 00 00 00 00 00 00 00 00 
A2D2: 00 00 00 00 00 00 00 00 00 00 00 00 00 00 00 00 
A2E2: 00 00 00 00 00 00 00 00 00 00 00 00 00 00 00 00 
A2F2: 00 00 00 00 00 00 00 00 00 00 00 00 00 00 00 00 
A302: 00 00 00 00 00 00 00 00 00 00 00 00 00 00 00 00 
A312: 00 00 00 00 00 00 00 00 00 00 00 00 00 00 00 00 
A322: 00 00 00 00 00 00 00 00 00 00 00 00 00 00 00 00 
A332: 00 00 00 00 00 00 00 00 00 00 00 00 00 00 00 00 
A342: 00 00 00 00 00 00 00 00 00 00 00 00 00 00 00 00 
A352: 00 00 00 00 00 00 00 00 00 00 00 00 00 00 00 00 
A362: 00 00 00 00 00 00 00 00 00 00 00 00 00 00 00 00 
A372: 00 00 00 00 00 00 00 00 00 00 00 00 00 00 00 00 
A382: 00 00 00 00 00 00 00 00 00 00 00 00 00 00 00 00 
A392: 00 00 00 00 00 00 00 00 00 00 00 00 00 00 00 00 
A3A2: 00 00 00 00 00 00 00 00 00 00 00 00 00 00 00 00 
A3B2: 00 00 00 00 00 00 00 00 00 00 00 00 00 00 00 00 
A3C2: 00 00 00 00 00 00 00 00 00 00 00 00 00 00 00 00 
A3D2: 00 00 00 00 00 00 00 00 00 00 00 00 00 00 00 00 
A3E2: 00 00 00 00 00 00 00 00 00 00 00 00 00 00 00 00 
A3F2: 00 00 00 00 00 00 00 00 00 00 00 00 00 00 00 00 
A402: 00 00 00 00 00 00 00 00 00 00 00 00 00 00 00 00 
A412: 00 00 00 00 00 00 00 00 00 00 00 00 00 00 00 00 
A422: 00 00 00 00 00 00 00 00 00 00 00 00 00 00 00 00 
A432: 00 00 00 00 00 00 00 00 00 00 00 00 00 00 00 00 
A442: 00 00 00 00 00 00 00 00 00 00 00 00 00 00 00 00 
A452: 00 00 00 00 00 00 00 00 00 00 00 00 00 00 00 00 
A462: 00 00 00 00 00 00 00 00 00 00 00 00 00 00 00 00 
A472: 00 00 00 00 00 00 00 00 00 00 00 00 00 00 00 00 
A482: 00 00 00 00 00 00 00 00 00 00 00 00 00 00 00 00 
A492: 00 00 00 00 00 00 00 00 00 00 00 00 00 00 00 00 
A4A2: 00 00 00 00 00 00 00 00 00 00 00 00 00 00 00 00 
A4B2: 00 00 00 00 00 00 00 00 00 00 00 00 00 00 00 00 
A4C2: 00 00 00 00 00 00 00 00 00 00 00 00 00 00 00 00 
A4D2: 00 00 00 00 00 00 00 00 00 00 00 00 00 00 00 00 
A4E2: 00 00 00 00 00 00 00 00 00 00 00 00 00 00 00 00 
A4F2: 00 00 00 00 00 00 00 00 00 00 00 00 00 00 00 00 
A502: 00 00 00 00 00 00 00 00 00 00 00 00 00 00 00 00 
A512: 00 00 00 00 00 00 00 00 00 00 00 00 00 00 00 00 
A522: 00 00 00 00 00 00 00 00 00 00 00 00 00 00 00 00 
A532: 00 00 00 00 00 00 00 00 00 00 00 00 00 00 00 00 
A542: 00 00 00 00 00 00 00 00 00 00 00 00 00 00 00 00 
A552: 00 00 00 00 00 00 00 00 00 00 00 00 00 00 00 00 
A562: 00 00 00 00 00 00 00 00 00 00 00 00 00 00 00 00 
A572: 00 00 00 00 00 00 00 00 00 00 00 00 00 00 00 00 
A582: 00 00 00 00 00 00 00 00 00 00 00 00 00 00 00 00 
A592: 00 00 00 00 00 00 00 00 00 00 00 00 00 00 00 00 
A5A2: 00 00 00 00 00 00 00 00 00 00 00 00 00 00 00 00 
A5B2: 00 00 00 00 00 00 00 00 00 00 00 00 00 00 00 00 
A5C2: 00 00 00 00 00 00 00 00 00 00 00 00 00 00 00 00 
A5D2: 00 00 00 00 00 00 00 00 00 00 00 00 00 00 00 00 
A5E2: 00 00 00 00 00 00 00 00 00 00 00 00 00 00 00 00 
A5F2: 00 00 00 00 00 00 00 00 00 00 00 00 00 00 00 00 
A602: 00 00 00 00 00 00 00 00 00 00 00 00 00 00 00 00 
A612: 00 00 00 00 00 00 00 00 00 00 00 00 00 00 00 00 
A622: 00 00 00 00 00 00 00 00 00 00 00 00 00 00 00 00 
A632: 00 00 00 00 00 00 00 00 00 00 00 00 00 00 00 00 
A642: 00 00 00 00 00 00 00 00 00 00 00 00 00 00 00 00 
A652: 00 00 00 00 00 00 00 00 00 00 00 00 00 00 00 00 
A662: 00 00 00 00 00 00 00 00 00 00 00 00 00 00 00 00 
A672: 00 00 00 00 00 00 00 00 00 00 00 00 00 00 00 00 
A682: 00 00 00 00 00 00 00 00 00 00 00 00 00 00 00 00 
A692: 00 00 00 00 00 00 00 00 00 00 00 00 00 00 00 00 
A6A2: 00 00 00 00 00 00 00 00 00 00 00 00 00 00 00 00 
A6B2: 00 00 00 00 00 00 00 00 00 00 00 00 00 00 00 00 
A6C2: 00 00 00 00 00 00 00 00 00 00 00 00 00 00 00 00 
A6D2: 00 00 00 00 00 00 00 00 00 00 00 00 00 00 00 00 
A6E2: 00 00 00 00 00 00 00 00 00 00 00 00 00 00 00 00 
A6F2: 00 00 00 00 00 00 00 00 00 00 00 00 00 00 00 00 
A702: 00 00 00 00 00 00 00 00 00 00 00 00 00 00 00 00 
A712: 00 00 00 00 00 00 00 00 00 00 00 00 00 00 00 00 
A722: 00 00 00 00 00 00 00 00 00 00 00 00 00 00 00 00 
A732: 00 00 00 00 00 00 00 00 00 00 00 00 00 00 00 00 
A742: 00 00 00 00 00 00 00 00 00 00 00 00 00 00 00 00 
A752: 00 00 00 00 00 00 00 00 00 00 00 00 00 00 00 00 
A762: 00 00 00 00 00 00 00 00 00 00 00 00 00 00 00 00 
A772: 00 00 00 00 00 00 00 00 00 00 00 00 00 00 00 00 
A782: 00 00 00 00 00 00 00 00 00 00 00 00 00 00 00 00 
A792: 00 00 00 00 00 00 00 00 00 00 00 00 00 00 00 00 
A7A2: 00 00 00 00 00 00 00 00 00 00 00 00 00 00 00 00 
A7B2: 00 00 00 00 00 00 00 00 00 00 00 00 00 00 00 00 
A7C2: 00 00 00 00 00 00 00 00 00 00 00 00 00 00 00 00 
A7D2: 00 00 00 00 00 00 00 00 00 00 00 00 00 00 00 00 
A7E2: 00 00 00 00 00 00 00 00 00 00 00 00 00 00 00 00 
A7F2: 00 00 00 00 00 00 00 00 00 00 00 00 00 00 00 00 
A802: 00 00 00 00 00 00 00 00 00 00 00 00 00 00 00 00 
A812: 00 00 00 00 00 00 00 00 00 00 00 00 00 00 00 00 
A822: 00 00 00 00 00 00 00 00 00 00 00 00 00 00 00 00 
A832: 00 00 00 00 00 00 00 00 00 00 00 00 00 00 00 00 
A842: 00 00 00 00 00 00 00 00 00 00 00 00 00 00 00 00 
A852: 00 00 00 00 00 00 00 00 00 00 00 00 00 00 00 00 
A862: 00 00 00 00 00 00 00 00 00 00 00 00 00 00 00 00 
A872: 00 00 00 00 00 00 00 00 00 00 00 00 00 00 00 00 
A882: 00 00 00 00 00 00 00 00 00 00 00 00 00 00 00 00 
A892: 00 00 00 00 00 00 00 00 00 00 00 00 00 00 00 00 
A8A2: 00 00 00 00 00 00 00 00 00 00 00 00 00 00 00 00 
A8B2: 00 00 00 00 00 00 00 00 00 00 00 00 00 00 00 00 
A8C2: 00 00 00 00 00 00 00 00 00 00 00 00 00 00 00 00 
A8D2: 00 00 00 00 00 00 00 00 00 00 00 00 00 00 00 00 
A8E2: 00 00 00 00 00 00 00 00 00 00 00 00 00 00 00 00 
A8F2: 00 00 00 00 00 00 00 00 00 00 00 00 00 00 00 00 
A902: 00 00 00 00 00 00 00 00 00 00 00 00 00 00 00 00 
A912: 00 00 00 00 00 00 00 00 00 00 00 00 00 00 00 00 
A922: 00 00 00 00 00 00 00 00 00 00 00 00 00 00 00 00 
A932: 00 00 00 00 00 00 00 00 00 00 00 00 00 00 00 00 
A942: 00 00 00 00 00 00 00 00 00 00 00 00 00 00 00 00 
A952: 00 00 00 00 00 00 00 00 00 00 00 00 00 00 00 00 
A962: 00 00 00 00 00 00 00 00 00 00 00 00 00 00 00 00 
A972: 00 00 00 00 00 00 00 00 00 00 00 00 00 00 00 00 
A982: 00 00 00 00 00 00 00 00 00 00 00 00 00 00 00 00 
A992: 00 00 00 00 00 00 00 00 00 00 00 00 00 00 00 00 
A9A2: 00 00 00 00 00 00 00 00 00 00 00 00 00 00 00 00 
A9B2: 00 00 00 00 00 00 00 00 00 00 00 00 00 00 00 00 
A9C2: 00 00 00 00 00 00 00 00 00 00 00 00 00 00 00 00 
A9D2: 00 00 00 00 00 00 00 00 00 00 00 00 00 00 00 00 
A9E2: 00 00 00 00 00 00 00 00 00 00 00 00 00 00 00 00 
A9F2: 00 00 00 00 00 00 00 00 00 00 00 00 00 00 00 00 
AA02: 00 00 00 00 00 00 00 00 00 00 00 00 00 00 00 00 
AA12: 00 00 00 00 00 00 00 00 00 00 00 00 00 00 00 00 
AA22: 00 00 00 00 00 00 00 00 00 00 00 00 00 00 00 00 
AA32: 00 00 00 00 00 00 00 00 00 00 00 00 00 00 00 00 
AA42: 00 00 00 00 00 00 00 00 00 00 00 00 00 00 00 00 
AA52: 00 00 00 00 00 00 00 00 00 00 00 00 00 00 00 00 
AA62: 00 00 00 00 00 00 00 00 00 00 00 00 00 00 00 00 
AA72: 00 00 00 00 00 00 00 00 00 00 00 00 00 00 00 00 
AA82: 00 00 00 00 00 00 00 00 00 00 00 00 00 00 00 00 
AA92: 00 00 00 00 00 00 00 00 00 00 00 00 00 00 00 00 
AAA2: 00 00 00 00 00 00 00 00 00 00 00 00 00 00 00 00 
AAB2: 00 00 00 00 00 00 00 00 00 00 00 00 00 00 00 00 
AAC2: 00 00 00 00 00 00 00 00 00 00 00 00 00 00 00 00 
AAD2: 00 00 00 00 00 00 00 00 00 00 00 00 00 00 00 00 
AAE2: 00 00 00 00 00 00 00 00 00 00 00 00 00 00 00 00 
AAF2: 00 00 00 00 00 00 00 00 00 00 00 00 00 00 00 00 
AB02: 00 00 00 00 00 00 00 00 00 00 00 00 00 00 00 00 
AB12: 00 00 00 00 00 00 00 00 00 00 00 00 00 00 00 00 
AB22: 00 00 00 00 00 00 00 00 00 00 00 00 00 00 00 00 
AB32: 00 00 00 00 00 00 00 00 00 00 00 00 00 00 00 00 
AB42: 00 00 00 00 00 00 00 00 00 00 00 00 00 00 00 00 
AB52: 00 00 00 00 00 00 00 00 00 00 00 00 00 00 00 00 
AB62: 00 00 00 00 00 00 00 00 00 00 00 00 00 00 00 00 
AB72: 00 00 00 00 00 00 00 00 00 00 00 00 00 00 00 00 
AB82: 00 00 00 00 00 00 00 00 00 00 00 00 00 00 00 00 
AB92: 00 00 00 00 00 00 00 00 00 00 00 00 00 00 00 00 
ABA2: 00 00 00 00 00 00 00 00 00 00 00 00 00 00 00 00 
ABB2: 00 00 00 00 00 00 00 00 00 00 00 00 00 00 00 00 
ABC2: 00 00 00 00 00 00 00 00 00 00 00 00 00 00 00 00 
ABD2: 00 00 00 00 00 00 00 00 00 00 00 00 00 00 00 00 
ABE2: 00 00 00 00 00 00 00 00 00 00 00 00 00 00 00 00 
ABF2: 00 00 00 00 00 00 00 00 00 00 00 00 00 00 00 00 
AC02: 00 00 00 00 00 00 00 00 00 00 00 00 00 00 00 00 
AC12: 00 00 00 00 00 00 00 00 00 00 00 00 00 00 00 00 
AC22: 00 00 00 00 00 00 00 00 00 00 00 00 00 00 00 00 
AC32: 00 00 00 00 00 00 00 00 00 00 00 00 00 00 00 00 
AC42: 00 00 00 00 00 00 00 00 00 00 00 00 00 00 00 00 
AC52: 00 00 00 00 00 00 00 00 00 00 00 00 00 00 00 00 
AC62: 00 00 00 00 00 00 00 00 00 00 00 00 00 00 00 00 
AC72: 00 00 00 00 00 00 00 00 00 00 00 00 00 00 00 00 
AC82: 00 00 00 00 00 00 00 00 00 00 00 00 00 00 00 00 
AC92: 00 00 00 00 00 00 00 00 00 00 00 00 00 00 00 00 
ACA2: 00 00 00 00 00 00 00 00 00 00 00 00 00 00 00 00 
ACB2: 00 00 00 00 00 00 00 00 00 00 00 00 00 00 00 00 
ACC2: 00 00 00 00 00 00 00 00 00 00 00 00 00 00 00 00 
ACD2: 00 00 00 00 00 00 00 00 00 00 00 00 00 00 00 00 
ACE2: 00 00 00 00 00 00 00 00 00 00 00 00 00 00 00 00 
ACF2: 00 00 00 00 00 00 00 00 00 00 00 00 00 00 00 00 
AD02: 00 00 00 00 00 00 00 00 00 00 00 00 00 00 00 00 
AD12: 00 00 00 00 00 00 00 00 00 00 00 00 00 00 00 00 
AD22: 00 00 00 00 00 00 00 00 00 00 00 00 00 00 00 00 
AD32: 00 00 00 00 00 00 00 00 00 00 00 00 00 00 00 00 
AD42: 00 00 00 00 00 00 00 00 00 00 00 00 00 00 00 00 
AD52: 00 00 00 00 00 00 00 00 00 00 00 00 00 00 00 00 
AD62: 00 00 00 00 00 00 00 00 00 00 00 00 00 00 00 00 
AD72: 00 00 00 00 00 00 00 00 00 00 00 00 00 00 00 00 
AD82: 00 00 00 00 00 00 00 00 00 00 00 00 00 00 00 00 
AD92: 00 00 00 00 00 00 00 00 00 00 00 00 00 00 00 00 
ADA2: 00 00 00 00 00 00 00 00 00 00 00 00 00 00 00 00 
ADB2: 00 00 00 00 00 00 00 00 00 00 00 00 00 00 00 00 
ADC2: 00 00 00 00 00 00 00 00 00 00 00 00 00 00 00 00 
ADD2: 00 00 00 00 00 00 00 00 00 00 00 00 00 00 00 00 
ADE2: 00 00 00 00 00 00 00 00 00 00 00 00 00 00 00 00 
ADF2: 00 00 00 00 00 00 00 00 00 00 00 00 00 00 00 00 
AE02: 00 00 00 00 00 00 00 00 00 00 00 00 00 00 00 00 
AE12: 00 00 00 00 00 00 00 00 00 00 00 00 00 00 00 00 
AE22: 00 00 00 00 00 00 00 00 00 00 00 00 00 00 00 00 
AE32: 00 00 00 00 00 00 00 00 00 00 00 00 00 00 00 00 
AE42: 00 00 00 00 00 00 00 00 00 00 00 00 00 00 00 00 
AE52: 00 00 00 00 00 00 00 00 00 00 00 00 00 00 00 00 
AE62: 00 00 00 00 00 00 00 00 00 00 00 00 00 00 00 00 
AE72: 00 00 00 00 00 00 00 00 00 00 00 00 00 00 00 00 
AE82: 00 00 00 00 00 00 00 00 00 00 00 00 00 00 00 00 
AE92: 00 00 00 00 00 00 00 00 00 00 00 00 00 00 00 00 
AEA2: 00 00 00 00 00 00 00 00 00 00 00 00 00 00 00 00 
AEB2: 00 00 00 00 00 00 00 00 00 00 00 00 00 00 00 00 
AEC2: 00 00 00 00 00 00 00 00 00 00 00 00 00 00 00 00 
AED2: 00 00 00 00 00 00 00 00 00 00 00 00 00 00 00 00 
AEE2: 00 00 00 00 00 00 00 00 00 00 00 00 00 00 00 00 
AEF2: 00 00 00 00 00 00 00 00 00 00 00 00 00 00 00 00 
AF02: 00 00 00 00 00 00 00 00 00 00 00 00 00 00 00 00 
AF12: 00 00 00 00 00 00 00 00 00 00 00 00 00 00 00 00 
AF22: 00 00 00 00 00 00 00 00 00 00 00 00 00 00 00 00 
AF32: 00 00 00 00 00 00 00 00 00 00 00 00 00 00 00 00 
AF42: 00 00 00 00 00 00 00 00 00 00 00 00 00 00 00 00 
AF52: 00 00 00 00 00 00 00 00 00 00 00 00 00 00 00 00 
AF62: 00 00 00 00 00 00 00 00 00 00 00 00 00 00 00 00 
AF72: 00 00 00 00 00 00 00 00 00 00 00 00 00 00 00 00 
AF82: 00 00 00 00 00 00 00 00 00 00 00 00 00 00 00 00 
AF92: 00 00 00 00 00 00 00 00 00 00 00 00 00 00 00 00 
AFA2: 00 00 00 00 00 00 00 00 00 00 00 00 00 00 00 00 
AFB2: 00 00 00 00 00 00 00 00 00 00 00 00 00 00 00 00 
AFC2: 00 00 00 00 00 00 00 00 00 00 00 00 00 00 00 00 
AFD2: 00 00 00 00 00 00 00 00 00 00 00 00 00 00 00 00 
AFE2: 00 00 00 00 00 00 00 00 00 00 00 00 00 00 00 00 
AFF2: 00 00 00 00 00 00 00 00 00 00 00 00 00 00 00 00 
B002: 00 00 00 00 00 00 00 00 00 00 00 00 00 00 00 00 
B012: 00 00 00 00 00 00 00 00 00 00 00 00 00 00 00 00 
B022: 00 00 00 00 00 00 00 00 00 00 00 00 00 00 00 00 
B032: 00 00 00 00 00 00 00 00 00 00 00 00 00 00 00 00 
B042: 00 00 00 00 00 00 00 00 00 00 00 00 00 00 00 00 
B052: 00 00 00 00 00 00 00 00 00 00 00 00 00 00 00 00 
B062: 00 00 00 00 00 00 00 00 00 00 00 00 00 00 00 00 
B072: 00 00 00 00 00 00 00 00 00 00 00 00 00 00 00 00 
B082: 00 00 00 00 00 00 00 00 00 00 00 00 00 00 00 00 
B092: 00 00 00 00 00 00 00 00 00 00 00 00 00 00 00 00 
B0A2: 00 00 00 00 00 00 00 00 00 00 00 00 00 00 00 00 
B0B2: 00 00 00 00 00 00 00 00 00 00 00 00 00 00 00 00 
B0C2: 00 00 00 00 00 00 00 00 00 00 00 00 00 00 00 00 
B0D2: 00 00 00 00 00 00 00 00 00 00 00 00 00 00 00 00 
B0E2: 00 00 00 00 00 00 00 00 00 00 00 00 00 00 00 00 
B0F2: 00 00 00 00 00 00 00 00 00 00 00 00 00 00 00 00 
B102: 00 00 00 00 00 00 00 00 00 00 00 00 00 00 00 00 
B112: 00 00 00 00 00 00 00 00 00 00 00 00 00 00 00 00 
B122: 00 00 00 00 00 00 00 00 00 00 00 00 00 00 00 00 
B132: 00 00 00 00 00 00 00 00 00 00 00 00 00 00 00 00 
B142: 00 00 00 00 00 00 00 00 00 00 00 00 00 00 00 00 
B152: 00 00 00 00 00 00 00 00 00 00 00 00 00 00 00 00 
B162: 00 00 00 00 00 00 00 00 00 00 00 00 00 00 00 00 
B172: 00 00 00 00 00 00 00 00 00 00 00 00 00 00 00 00 
B182: 00 00 00 00 00 00 00 00 00 00 00 00 00 00 00 00 
B192: 00 00 00 00 00 00 00 00 00 00 00 00 00 00 00 00 
B1A2: 00 00 00 00 00 00 00 00 00 00 00 00 00 00 00 00 
B1B2: 00 00 00 00 00 00 00 00 00 00 00 00 00 00 00 00 
B1C2: 00 00 00 00 00 00 00 00 00 00 00 00 00 00 00 00 
B1D2: 00 00 00 00 00 00 00 00 00 00 00 00 00 00 00 00 
B1E2: 00 00 00 00 00 00 00 00 00 00 00 00 00 00 00 00 
B1F2: 00 00 00 00 00 00 00 00 00 00 00 00 00 00 00 00 
B202: 00 00 00 00 00 00 00 00 00 00 00 00 00 00 00 00 
B212: 00 00 00 00 00 00 00 00 00 00 00 00 00 00 00 00 
B222: 00 00 00 00 00 00 00 00 00 00 00 00 00 00 00 00 
B232: 00 00 00 00 00 00 00 00 00 00 00 00 00 00 00 00 
B242: 00 00 00 00 00 00 00 00 00 00 00 00 00 00 00 00 
B252: 00 00 00 00 00 00 00 00 00 00 00 00 00 00 00 00 
B262: 00 00 00 00 00 00 00 00 00 00 00 00 00 00 00 00 
B272: 00 00 00 00 00 00 00 00 00 00 00 00 00 00 00 00 
B282: 00 00 00 00 00 00 00 00 00 00 00 00 00 00 00 00 
B292: 00 00 00 00 00 00 00 00 00 00 00 00 00 00 00 00 
B2A2: 00 00 00 00 00 00 00 00 00 00 00 00 00 00 00 00 
B2B2: 00 00 00 00 00 00 00 00 00 00 00 00 00 00 00 00 
B2C2: 00 00 00 00 00 00 00 00 00 00 00 00 00 00 00 00 
B2D2: 00 00 00 00 00 00 00 00 00 00 00 00 00 00 00 00 
B2E2: 00 00 00 00 00 00 00 00 00 00 00 00 00 00 00 00 
B2F2: 00 00 00 00 00 00 00 00 00 00 00 00 00 00 00 00 
B302: 00 00 00 00 00 00 00 00 00 00 00 00 00 00 00 00 
B312: 00 00 00 00 00 00 00 00 00 00 00 00 00 00 00 00 
B322: 00 00 00 00 00 00 00 00 00 00 00 00 00 00 00 00 
B332: 00 00 00 00 00 00 00 00 00 00 00 00 00 00 00 00 
B342: 00 00 00 00 00 00 00 00 00 00 00 00 00 00 00 00 
B352: 00 00 00 00 00 00 00 00 00 00 00 00 00 00 00 00 
B362: 00 00 00 00 00 00 00 00 00 00 00 00 00 00 00 00 
B372: 00 00 00 00 00 00 00 00 00 00 00 00 00 00 00 00 
B382: 00 00 00 00 00 00 00 00 00 00 00 00 00 00 00 00 
B392: 00 00 00 00 00 00 00 00 00 00 00 00 00 00 00 00 
B3A2: 00 00 00 00 00 00 00 00 00 00 00 00 00 00 00 00 
B3B2: 00 00 00 00 00 00 00 00 00 00 00 00 00 00 00 00 
B3C2: 00 00 00 00 00 00 00 00 00 00 00 00 00 00 00 00 
B3D2: 00 00 00 00 00 00 00 00 00 00 00 00 00 00 00 00 
B3E2: 00 00 00 00 00 00 00 00 00 00 00 00 00 00 00 00 
B3F2: 00 00 00 00 00 00 00 00 00 00 00 00 00 00 00 00 
B402: 00 00 00 00 00 00 00 00 00 00 00 00 00 00 00 00 
B412: 00 00 00 00 00 00 00 00 00 00 00 00 00 00 00 00 
B422: 00 00 00 00 00 00 00 00 00 00 00 00 00 00 00 00 
B432: 00 00 00 00 00 00 00 00 00 00 00 00 00 00 00 00 
B442: 00 00 00 00 00 00 00 00 00 00 00 00 00 00 00 00 
B452: 00 00 00 00 00 00 00 00 00 00 00 00 00 00 00 00 
B462: 00 00 00 00 00 00 00 00 00 00 00 00 00 00 00 00 
B472: 00 00 00 00 00 00 00 00 00 00 00 00 00 00 00 00 
B482: 00 00 00 00 00 00 00 00 00 00 00 00 00 00 00 00 
B492: 00 00 00 00 00 00 00 00 00 00 00 00 00 00 00 00 
B4A2: 00 00 00 00 00 00 00 00 00 00 00 00 00 00 00 00 
B4B2: 00 00 00 00 00 00 00 00 00 00 00 00 00 00 00 00 
B4C2: 00 00 00 00 00 00 00 00 00 00 00 00 00 00 00 00 
B4D2: 00 00 00 00 00 00 00 00 00 00 00 00 00 00 00 00 
B4E2: 00 00 00 00 00 00 00 00 00 00 00 00 00 00 00 00 
B4F2: 00 00 00 00 00 00 00 00 00 00 00 00 00 00 00 00 
B502: 00 00 00 00 00 00 00 00 00 00 00 00 00 00 00 00 
B512: 00 00 00 00 00 00 00 00 00 00 00 00 00 00 00 00 
B522: 00 00 00 00 00 00 00 00 00 00 00 00 00 00 00 00 
B532: 00 00 00 00 00 00 00 00 00 00 00 00 00 00 00 00 
B542: 00 00 00 00 00 00 00 00 00 00 00 00 00 00 00 00 
B552: 00 00 00 00 00 00 00 00 00 00 00 00 00 00 00 00 
B562: 00 00 00 00 00 00 00 00 00 00 00 00 00 00 00 00 
B572: 00 00 00 00 00 00 00 00 00 00 00 00 00 00 00 00 
B582: 00 00 00 00 00 00 00 00 00 00 00 00 00 00 00 00 
B592: 00 00 00 00 00 00 00 00 00 00 00 00 00 00 00 00 
B5A2: 00 00 00 00 00 00 00 00 00 00 00 00 00 00 00 00 
B5B2: 00 00 00 00 00 00 00 00 00 00 00 00 00 00 00 00 
B5C2: 00 00 00 00 00 00 00 00 00 00 00 00 00 00 00 00 
B5D2: 00 00 00 00 00 00 00 00 00 00 00 00 00 00 00 00 
B5E2: 00 00 00 00 00 00 00 00 00 00 00 00 00 00 00 00 
B5F2: 00 00 00 00 00 00 00 00 00 00 00 00 00 00 00 00 
B602: 00 00 00 00 00 00 00 00 00 00 00 00 00 00 00 00 
B612: 00 00 00 00 00 00 00 00 00 00 00 00 00 00 00 00 
B622: 00 00 00 00 00 00 00 00 00 00 00 00 00 00 00 00 
B632: 00 00 00 00 00 00 00 00 00 00 00 00 00 00 00 00 
B642: 00 00 00 00 00 00 00 00 00 00 00 00 00 00 00 00 
B652: 00 00 00 00 00 00 00 00 00 00 00 00 00 00 00 00 
B662: 00 00 00 00 00 00 00 00 00 00 00 00 00 00 00 00 
B672: 00 00 00 00 00 00 00 00 00 00 00 00 00 00 00 00 
B682: 00 00 00 00 00 00 00 00 00 00 00 00 00 00 00 00 
B692: 00 00 00 00 00 00 00 00 00 00 00 00 00 00 00 00 
B6A2: 00 00 00 00 00 00 00 00 00 00 00 00 00 00 00 00 
B6B2: 00 00 00 00 00 00 00 00 00 00 00 00 00 00 00 00 
B6C2: 00 00 00 00 00 00 00 00 00 00 00 00 00 00 00 00 
B6D2: 00 00 00 00 00 00 00 00 00 00 00 00 00 00 00 00 
B6E2: 00 00 00 00 00 00 00 00 00 00 00 00 00 00 00 00 
B6F2: 00 00 00 00 00 00 00 00 00 00 00 00 00 00 00 00 
B702: 00 00 00 00 00 00 00 00 00 00 00 00 00 00 00 00 
B712: 00 00 00 00 00 00 00 00 00 00 00 00 00 00 00 00 
B722: 00 00 00 00 00 00 00 00 00 00 00 00 00 00 00 00 
B732: 00 00 00 00 00 00 00 00 00 00 00 00 00 00 00 00 
B742: 00 00 00 00 00 00 00 00 00 00 00 00 00 00 00 00 
B752: 00 00 00 00 00 00 00 00 00 00 00 00 00 00 00 00 
B762: 00 00 00 00 00 00 00 00 00 00 00 00 00 00 00 00 
B772: 00 00 00 00 00 00 00 00 00 00 00 00 00 00 00 00 
B782: 00 00 00 00 00 00 00 00 00 00 00 00 00 00 00 00 
B792: 00 00 00 00 00 00 00 00 00 00 00 00 00 00 00 00 
B7A2: 00 00 00 00 00 00 00 00 00 00 00 00 00 00 00 00 
B7B2: 00 00 00 00 00 00 00 00 00 00 00 00 00 00 00 00 
B7C2: 00 00 00 00 00 00 00 00 00 00 00 00 00 00 00 00 
B7D2: 00 00 00 00 00 00 00 00 00 00 00 00 00 00 00 00 
B7E2: 00 00 00 00 00 00 00 00 00 00 00 00 00 00 00 00 
B7F2: 00 00 00 00 00 00 00 00 00 00 00 00 00 00 00 00 
B802: 00 00 00 00 00 00 00 00 00 00 00 00 00 00 00 00 
B812: 00 00 00 00 00 00 00 00 00 00 00 00 00 00 00 00 
B822: 00 00 00 00 00 00 00 00 00 00 00 00 00 00 00 00 
B832: 00 00 00 00 00 00 00 00 00 00 00 00 00 00 00 00 
B842: 00 00 00 00 00 00 00 00 00 00 00 00 00 00 00 00 
B852: 00 00 00 00 00 00 00 00 00 00 00 00 00 00 00 00 
B862: 00 00 00 00 00 00 00 00 00 00 00 00 00 00 00 00 
B872: 00 00 00 00 00 00 00 00 00 00 00 00 00 00 00 00 
B882: 00 00 00 00 00 00 00 00 00 00 00 00 00 00 00 00 
B892: 00 00 00 00 00 00 00 00 00 00 00 00 00 00 00 00 
B8A2: 00 00 00 00 00 00 00 00 00 00 00 00 00 00 00 00 
B8B2: 00 00 00 00 00 00 00 00 00 00 00 00 00 00 00 00 
B8C2: 00 00 00 00 00 00 00 00 00 00 00 00 00 00 00 00 
B8D2: 00 00 00 00 00 00 00 00 00 00 00 00 00 00 00 00 
B8E2: 00 00 00 00 00 00 00 00 00 00 00 00 00 00 00 00 
B8F2: 00 00 00 00 00 00 00 00 00 00 00 00 00 00 00 00 
B902: 00 00 00 00 00 00 00 00 00 00 00 00 00 00 00 00 
B912: 00 00 00 00 00 00 00 00 00 00 00 00 00 00 00 00 
B922: 00 00 00 00 00 00 00 00 00 00 00 00 00 00 00 00 
B932: 00 00 00 00 00 00 00 00 00 00 00 00 00 00 00 00 
B942: 00 00 00 00 00 00 00 00 00 00 00 00 00 00 00 00 
B952: 00 00 00 00 00 00 00 00 00 00 00 00 00 00 00 00 
B962: 00 00 00 00 00 00 00 00 00 00 00 00 00 00 00 00 
B972: 00 00 00 00 00 00 00 00 00 00 00 00 00 00 00 00 
B982: 00 00 00 00 00 00 00 00 00 00 00 00 00 00 00 00 
B992: 00 00 00 00 00 00 00 00 00 00 00 00 00 00 00 00 
B9A2: 00 00 00 00 00 00 00 00 00 00 00 00 00 00 00 00 
B9B2: 00 00 00 00 00 00 00 00 00 00 00 00 00 00 00 00 
B9C2: 00 00 00 00 00 00 00 00 00 00 00 00 00 00 00 00 
B9D2: 00 00 00 00 00 00 00 00 00 00 00 00 00 00 00 00 
B9E2: 00 00 00 00 00 00 00 00 00 00 00 00 00 00 00 00 
B9F2: 00 00 00 00 00 00 00 00 00 00 00 00 00 00 00 00 
BA02: 00 00 00 00 00 00 00 00 00 00 00 00 00 00 00 00 
BA12: 00 00 00 00 00 00 00 00 00 00 00 00 00 00 00 00 
BA22: 00 00 00 00 00 00 00 00 00 00 00 00 00 00 00 00 
BA32: 00 00 00 00 00 00 00 00 00 00 00 00 00 00 00 00 
BA42: 00 00 00 00 00 00 00 00 00 00 00 00 00 00 00 00 
BA52: 00 00 00 00 00 00 00 00 00 00 00 00 00 00 00 00 
BA62: 00 00 00 00 00 00 00 00 00 00 00 00 00 00 00 00 
BA72: 00 00 00 00 00 00 00 00 00 00 00 00 00 00 00 00 
BA82: 00 00 00 00 00 00 00 00 00 00 00 00 00 00 00 00 
BA92: 00 00 00 00 00 00 00 00 00 00 00 00 00 00 00 00 
BAA2: 00 00 00 00 00 00 00 00 00 00 00 00 00 00 00 00 
BAB2: 00 00 00 00 00 00 00 00 00 00 00 00 00 00 00 00 
BAC2: 00 00 00 00 00 00 00 00 00 00 00 00 00 00 00 00 
BAD2: 00 00 00 00 00 00 00 00 00 00 00 00 00 00 00 00 
BAE2: 00 00 00 00 00 00 00 00 00 00 00 00 00 00 00 00 
BAF2: 00 00 00 00 00 00 00 00 00 00 00 00 00 00 00 00 
BB02: 00 00 00 00 00 00 00 00 00 00 00 00 00 00 00 00 
BB12: 00 00 00 00 00 00 00 00 00 00 00 00 00 00 00 00 
BB22: 00 00 00 00 00 00 00 00 00 00 00 00 00 00 00 00 
BB32: 00 00 00 00 00 00 00 00 00 00 00 00 00 00 00 00 
BB42: 00 00 00 00 00 00 00 00 00 00 00 00 00 00 00 00 
BB52: 00 00 00 00 00 00 00 00 00 00 00 00 00 00 00 00 
BB62: 00 00 00 00 00 00 00 00 00 00 00 00 00 00 00 00 
BB72: 00 00 00 00 00 00 00 00 00 00 00 00 00 00 00 00 
BB82: 00 00 00 00 00 00 00 00 00 00 00 00 00 00 00 00 
BB92: 00 00 00 00 00 00 00 00 00 00 00 00 00 00 00 00 
BBA2: 00 00 00 00 00 00 00 00 00 00 00 00 00 00 00 00 
BBB2: 00 00 00 00 00 00 00 00 00 00 00 00 00 00 00 00 
BBC2: 00 00 00 00 00 00 00 00 00 00 00 00 00 00 00 00 
BBD2: 00 00 00 00 00 00 00 00 00 00 00 00 00 00 00 00 
BBE2: 00 00 00 00 00 00 00 00 00 00 00 00 00 00 00 00 
BBF2: 00 00 00 00 00 00 00 00 00 00 00 00 00 00 00 00 
BC02: 00 00 00 00 00 00 00 00 00 00 00 00 00 00 00 00 
BC12: 00 00 00 00 00 00 00 00 00 00 00 00 00 00 00 00 
BC22: 00 00 00 00 00 00 00 00 00 00 00 00 00 00 00 00 
BC32: 00 00 00 00 00 00 00 00 00 00 00 00 00 00 00 00 
BC42: 00 00 00 00 00 00 00 00 00 00 00 00 00 00 00 00 
BC52: 00 00 00 00 00 00 00 00 00 00 00 00 00 00 00 00 
BC62: 00 00 00 00 00 00 00 00 00 00 00 00 00 00 00 00 
BC72: 00 00 00 00 00 00 00 00 00 00 00 00 00 00 00 00 
BC82: 00 00 00 00 00 00 00 00 00 00 00 00 00 00 00 00 
BC92: 00 00 00 00 00 00 00 00 00 00 00 00 00 00 00 00 
BCA2: 00 00 00 00 00 00 00 00 00 00 00 00 00 00 00 00 
BCB2: 00 00 00 00 00 00 00 00 00 00 00 00 00 00 00 00 
BCC2: 00 00 00 00 00 00 00 00 00 00 00 00 00 00 00 00 
BCD2: 00 00 00 00 00 00 00 00 00 00 00 00 00 00 00 00 
BCE2: 00 00 00 00 00 00 00 00 00 00 00 00 00 00 00 00 
BCF2: 00 00 00 00 00 00 00 00 00 00 00 00 00 00 00 00 
BD02: 00 00 00 00 00 00 00 00 00 00 00 00 00 00 00 00 
BD12: 00 00 00 00 00 00 00 00 00 00 00 00 00 00 00 00 
BD22: 00 00 00 00 00 00 00 00 00 00 00 00 00 00 00 00 
BD32: 00 00 00 00 00 00 00 00 00 00 00 00 00 00 00 00 
BD42: 00 00 00 00 00 00 00 00 00 00 00 00 00 00 00 00 
BD52: 00 00 00 00 00 00 00 00 00 00 00 00 00 00 00 00 
BD62: 00 00 00 00 00 00 00 00 00 00 00 00 00 00 00 00 
BD72: 00 00 00 00 00 00 00 00 00 00 00 00 00 00 00 00 
BD82: 00 00 00 00 00 00 00 00 00 00 00 00 00 00 00 00 
BD92: 00 00 00 00 00 00 00 00 00 00 00 00 00 00 00 00 
BDA2: 00 00 00 00 00 00 00 00 00 00 00 00 00 00 00 00 
BDB2: 00 00 00 00 00 00 00 00 00 00 00 00 00 00 00 00 
BDC2: 00 00 00 00 00 00 00 00 00 00 00 00 00 00 00 00 
BDD2: 00 00 00 00 00 00 00 00 00 00 00 00 00 00 00 00 
BDE2: 00 00 00 00 00 00 00 00 00 00 00 00 00 00 00 00 
BDF2: 00 00 00 00 00 00 00 00 00 00 00 00 00 00 00 00 
BE02: 00 00 00 00 00 00 00 00 00 00 00 00 00 00 00 00 
BE12: 00 00 00 00 00 00 00 00 00 00 00 00 00 00 00 00 
BE22: 00 00 00 00 00 00 00 00 00 00 00 00 00 00 00 00 
BE32: 00 00 00 00 00 00 00 00 00 00 00 00 00 00 00 00 
BE42: 00 00 00 00 00 00 00 00 00 00 00 00 00 00 00 00 
BE52: 00 00 00 00 00 00 00 00 00 00 00 00 00 00 00 00 
BE62: 00 00 00 00 00 00 00 00 00 00 00 00 00 00 00 00 
BE72: 00 00 00 00 00 00 00 00 00 00 00 00 00 00 00 00 
BE82: 00 00 00 00 00 00 00 00 00 00 00 00 00 00 00 00 
BE92: 00 00 00 00 00 00 00 00 00 00 00 00 00 00 00 00 
BEA2: 00 00 00 00 00 00 00 00 00 00 00 00 00 00 00 00 
BEB2: 00 00 00 00 00 00 00 00 00 00 00 00 00 00 00 00 
BEC2: 00 00 00 00 00 00 00 00 00 00 00 00 00 00 00 00 
BED2: 00 00 00 00 00 00 00 00 00 00 00 00 00 00 00 00 
BEE2: 00 00 00 00 00 00 00 00 00 00 00 00 00 00 00 00 
BEF2: 00 00 00 00 00 00 00 00 00 00 00 00 00 00 00 00 
BF02: 00 00 00 00 00 00 00 00 00 00 00 00 00 00 00 00 
BF12: 00 00 00 00 00 00 00 00 00 00 00 00 00 00 00 00 
BF22: 00 00 00 00 00 00 00 00 00 00 00 00 00 00 00 00 
BF32: 00 00 00 00 00 00 00 00 00 00 00 00 00 00 00 00 
BF42: 00 00 00 00 00 00 00 00 00 00 00 00 00 00 00 00 
BF52: 00 00 00 00 00 00 00 00 00 00 00 00 00 00 00 00 
BF62: 00 00 00 00 00 00 00 00 00 00 00 00 00 00 00 00 
BF72: 00 00 00 00 00 00 00 00 00 00 00 00 00 00 00 00 
BF82: 00 00 00 00 00 00 00 00 00 00 00 00 00 00 00 00 
BF92: 00 00 00 00 00 00 00 00 00 00 00 00 00 00 00 00 
BFA2: 00 00 00 00 00 00 00 00 00 00 00 00 00 00 00 00 
BFB2: 00 00 00 00 00 00 00 00 00 00 00 00 00 00 00 00 
BFC2: 00 00 00 00 00 00 00 00 00 00 00 00 00 00 00 00 
BFD2: 00 00 00 00 00 00 00 00 00 00 00 00 00 00 00 00 
BFE2: 00 00 00 00 00 00 00 00 00 00 00 00 00 00 00 00 
BFF2: 00 00 00 00 00 00 00 00 00 00 00 00 00 00 00 00 
C002: 00 00 00 00 00 00 00 00 00 00 00 00 00 00 00 00 
C012: 00 00 00 00 00 00 00 00 00 00 00 00 00 00 00 00 
C022: 00 00 00 00 00 00 00 00 00 00 00 00 00 00 00 00 
C032: 00 00 00 00 00 00 00 00 00 00 00 00 00 00 00 00 
C042: 00 00 00 00 00 00 00 00 00 00 00 00 00 00 00 00 
C052: 00 00 00 00 00 00 00 00 00 00 00 00 00 00 00 00 
C062: 00 00 00 00 00 00 00 00 00 00 00 00 00 00 00 00 
C072: 00 00 00 00 00 00 00 00 00 00 00 00 00 00 00 00 
C082: 00 00 00 00 00 00 00 00 00 00 00 00 00 00 00 00 
C092: 00 00 00 00 00 00 00 00 00 00 00 00 00 00 00 00 
C0A2: 00 00 00 00 00 00 00 00 00 00 00 00 00 00 00 00 
C0B2: 00 00 00 00 00 00 00 00 00 00 00 00 00 00 00 00 
C0C2: 00 00 00 00 00 00 00 00 00 00 00 00 00 00 00 00 
C0D2: 00 00 00 00 00 00 00 00 00 00 00 00 00 00 00 00 
C0E2: 00 00 00 00 00 00 00 00 00 00 00 00 00 00 00 00 
C0F2: 00 00 00 00 00 00 00 00 00 00 00 00 00 00 00 00 
C102: 00 00 00 00 00 00 00 00 00 00 00 00 00 00 00 00 
C112: 00 00 00 00 00 00 00 00 00 00 00 00 00 00 00 00 
C122: 00 00 00 00 00 00 00 00 00 00 00 00 00 00 00 00 
C132: 00 00 00 00 00 00 00 00 00 00 00 00 00 00 00 00 
C142: 00 00 00 00 00 00 00 00 00 00 00 00 00 00 00 00 
C152: 00 00 00 00 00 00 00 00 00 00 00 00 00 00 00 00 
C162: 00 00 00 00 00 00 00 00 00 00 00 00 00 00 00 00 
C172: 00 00 00 00 00 00 00 00 00 00 00 00 00 00 00 00 
C182: 00 00 00 00 00 00 00 00 00 00 00 00 00 00 00 00 
C192: 00 00 00 00 00 00 00 00 00 00 00 00 00 00 00 00 
C1A2: 00 00 00 00 00 00 00 00 00 00 00 00 00 00 00 00 
C1B2: 00 00 00 00 00 00 00 00 00 00 00 00 00 00 00 00 
C1C2: 00 00 00 00 00 00 00 00 00 00 00 00 00 00 00 00 
C1D2: 00 00 00 00 00 00 00 00 00 00 00 00 00 00 00 00 
C1E2: 00 00 00 00 00 00 00 00 00 00 00 00 00 00 00 00 
C1F2: 00 00 00 00 00 00 00 00 00 00 00 00 00 00 00 00 
C202: 00 00 00 00 00 00 00 00 00 00 00 00 00 00 00 00 
C212: 00 00 00 00 00 00 00 00 00 00 00 00 00 00 00 00 
C222: 00 00 00 00 00 00 00 00 00 00 00 00 00 00 00 00 
C232: 00 00 00 00 00 00 00 00 00 00 00 00 00 00 00 00 
C242: 00 00 00 00 00 00 00 00 00 00 00 00 00 00 00 00 
C252: 00 00 00 00 00 00 00 00 00 00 00 00 00 00 00 00 
C262: 00 00 00 00 00 00 00 00 00 00 00 00 00 00 00 00 
C272: 00 00 00 00 00 00 00 00 00 00 00 00 00 00 00 00 
C282: 00 00 00 00 00 00 00 00 00 00 00 00 00 00 00 00 
C292: 00 00 00 00 00 00 00 00 00 00 00 00 00 00 00 00 
C2A2: 00 00 00 00 00 00 00 00 00 00 00 00 00 00 00 00 
C2B2: 00 00 00 00 00 00 00 00 00 00 00 00 00 00 00 00 
C2C2: 00 00 00 00 00 00 00 00 00 00 00 00 00 00 00 00 
C2D2: 00 00 00 00 00 00 00 00 00 00 00 00 00 00 00 00 
C2E2: 00 00 00 00 00 00 00 00 00 00 00 00 00 00 00 00 
C2F2: 00 00 00 00 00 00 00 00 00 00 00 00 00 00 00 00 
C302: 00 00 00 00 00 00 00 00 00 00 00 00 00 00 00 00 
C312: 00 00 00 00 00 00 00 00 00 00 00 00 00 00 00 00 
C322: 00 00 00 00 00 00 00 00 00 00 00 00 00 00 00 00 
C332: 00 00 00 00 00 00 00 00 00 00 00 00 00 00 00 00 
C342: 00 00 00 00 00 00 00 00 00 00 00 00 00 00 00 00 
C352: 00 00 00 00 00 00 00 00 00 00 00 00 00 00 00 00 
C362: 00 00 00 00 00 00 00 00 00 00 00 00 00 00 00 00 
C372: 00 00 00 00 00 00 00 00 00 00 00 00 00 00 00 00 
C382: 00 00 00 00 00 00 00 00 00 00 00 00 00 00 00 00 
C392: 00 00 00 00 00 00 00 00 00 00 00 00 00 00 00 00 
C3A2: 00 00 00 00 00 00 00 00 00 00 00 00 00 00 00 00 
C3B2: 00 00 00 00 00 00 00 00 00 00 00 00 00 00 00 00 
C3C2: 00 00 00 00 00 00 00 00 00 00 00 00 00 00 00 00 
C3D2: 00 00 00 00 00 00 00 00 00 00 00 00 00 00 00 00 
C3E2: 00 00 00 00 00 00 00 00 00 00 00 00 00 00 00 00 
C3F2: 00 00 00 00 00 00 00 00 00 00 00 00 00 00 00 00 
C402: 00 00 00 00 00 00 00 00 00 00 00 00 00 00 00 00 
C412: 00 00 00 00 00 00 00 00 00 00 00 00 00 00 00 00 
C422: 00 00 00 00 00 00 00 00 00 00 00 00 00 00 00 00 
C432: 00 00 00 00 00 00 00 00 00 00 00 00 00 00 00 00 
C442: 00 00 00 00 00 00 00 00 00 00 00 00 00 00 00 00 
C452: 00 00 00 00 00 00 00 00 00 00 00 00 00 00 00 00 
C462: 00 00 00 00 00 00 00 00 00 00 00 00 00 00 00 00 
C472: 00 00 00 00 00 00 00 00 00 00 00 00 00 00 00 00 
C482: 00 00 00 00 00 00 00 00 00 00 00 00 00 00 00 00 
C492: 00 00 00 00 00 00 00 00 00 00 00 00 00 00 00 00 
C4A2: 00 00 00 00 00 00 00 00 00 00 00 00 00 00 00 00 
C4B2: 00 00 00 00 00 00 00 00 00 00 00 00 00 00 00 00 
C4C2: 00 00 00 00 00 00 00 00 00 00 00 00 00 00 00 00 
C4D2: 00 00 00 00 00 00 00 00 00 00 00 00 00 00 00 00 
C4E2: 00 00 00 00 00 00 00 00 00 00 00 00 00 00 00 00 
C4F2: 00 00 00 00 00 00 00 00 00 00 00 00 00 00 00 00 
C502: 00 00 00 00 00 00 00 00 00 00 00 00 00 00 00 00 
C512: 00 00 00 00 00 00 00 00 00 00 00 00 00 00 00 00 
C522: 00 00 00 00 00 00 00 00 00 00 00 00 00 00 00 00 
C532: 00 00 00 00 00 00 00 00 00 00 00 00 00 00 00 00 
C542: 00 00 00 00 00 00 00 00 00 00 00 00 00 00 00 00 
C552: 00 00 00 00 00 00 00 00 00 00 00 00 00 00 00 00 
C562: 00 00 00 00 00 00 00 00 00 00 00 00 00 00 00 00 
C572: 00 00 00 00 00 00 00 00 00 00 00 00 00 00 00 00 
C582: 00 00 00 00 00 00 00 00 00 00 00 00 00 00 00 00 
C592: 00 00 00 00 00 00 00 00 00 00 00 00 00 00 00 00 
C5A2: 00 00 00 00 00 00 00 00 00 00 00 00 00 00 00 00 
C5B2: 00 00 00 00 00 00 00 00 00 00 00 00 00 00 00 00 
C5C2: 00 00 00 00 00 00 00 00 00 00 00 00 00 00 00 00 
C5D2: 00 00 00 00 00 00 00 00 00 00 00 00 00 00 00 00 
C5E2: 00 00 00 00 00 00 00 00 00 00 00 00 00 00 00 00 
C5F2: 00 00 00 00 00 00 00 00 00 00 00 00 00 00 00 00 
C602: 00 00 00 00 00 00 00 00 00 00 00 00 00 00 00 00 
C612: 00 00 00 00 00 00 00 00 00 00 00 00 00 00 00 00 
C622: 00 00 00 00 00 00 00 00 00 00 00 00 00 00 00 00 
C632: 00 00 00 00 00 00 00 00 00 00 00 00 00 00 00 00 
C642: 00 00 00 00 00 00 00 00 00 00 00 00 00 00 00 00 
C652: 00 00 00 00 00 00 00 00 00 00 00 00 00 00 00 00 
C662: 00 00 00 00 00 00 00 00 00 00 00 00 00 00 00 00 
C672: 00 00 00 00 00 00 00 00 00 00 00 00 00 00 00 00 
C682: 00 00 00 00 00 00 00 00 00 00 00 00 00 00 00 00 
C692: 00 00 00 00 00 00 00 00 00 00 00 00 00 00 00 00 
C6A2: 00 00 00 00 00 00 00 00 00 00 00 00 00 00 00 00 
C6B2: 00 00 00 00 00 00 00 00 00 00 00 00 00 00 00 00 
C6C2: 00 00 00 00 00 00 00 00 00 00 00 00 00 00 00 00 
C6D2: 00 00 00 00 00 00 00 00 00 00 00 00 00 00 00 00 
C6E2: 00 00 00 00 00 00 00 00 00 00 00 00 00 00 00 00 
C6F2: 00 00 00 00 00 00 00 00 00 00 00 00 00 00 00 00 
C702: 00 00 00 00 00 00 00 00 00 00 00 00 00 00 00 00 
C712: 00 00 00 00 00 00 00 00 00 00 00 00 00 00 00 00 
C722: 00 00 00 00 00 00 00 00 00 00 00 00 00 00 00 00 
C732: 00 00 00 00 00 00 00 00 00 00 00 00 00 00 00 00 
C742: 00 00 00 00 00 00 00 00 00 00 00 00 00 00 00 00 
C752: 00 00 00 00 00 00 00 00 00 00 00 00 00 00 00 00 
C762: 00 00 00 00 00 00 00 00 00 00 00 00 00 00 00 00 
C772: 00 00 00 00 00 00 00 00 00 00 00 00 00 00 00 00 
C782: 00 00 00 00 00 00 00 00 00 00 00 00 00 00 00 00 
C792: 00 00 00 00 00 00 00 00 00 00 00 00 00 00 00 00 
C7A2: 00 00 00 00 00 00 00 00 00 00 00 00 00 00 00 00 
C7B2: 00 00 00 00 00 00 00 00 00 00 00 00 00 00 00 00 
C7C2: 00 00 00 00 00 00 00 00 00 00 00 00 00 00 00 00 
C7D2: 00 00 00 00 00 00 00 00 00 00 00 00 00 00 00 00 
C7E2: 00 00 00 00 00 00 00 00 00 00 00 00 00 00 00 00 
C7F2: 00 00 00 00 00 00 00 00 00 00 00 00 00 00 00 00 
C802: 00 00 00 00 00 00 00 00 00 00 00 00 00 00 00 00 
C812: 00 00 00 00 00 00 00 00 00 00 00 00 00 00 00 00 
C822: 00 00 00 00 00 00 00 00 00 00 00 00 00 00 00 00 
C832: 00 00 00 00 00 00 00 00 00 00 00 00 00 00 00 00 
C842: 00 00 00 00 00 00 00 00 00 00 00 00 00 00 00 00 
C852: 00 00 00 00 00 00 00 00 00 00 00 00 00 00 00 00 
C862: 00 00 00 00 00 00 00 00 00 00 00 00 00 00 00 00 
C872: 00 00 00 00 00 00 00 00 00 00 00 00 00 00 00 00 
C882: 00 00 00 00 00 00 00 00 00 00 00 00 00 00 00 00 
C892: 00 00 00 00 00 00 00 00 00 00 00 00 00 00 00 00 
C8A2: 00 00 00 00 00 00 00 00 00 00 00 00 00 00 00 00 
C8B2: 00 00 00 00 00 00 00 00 00 00 00 00 00 00 00 00 
C8C2: 00 00 00 00 00 00 00 00 00 00 00 00 00 00 00 00 
C8D2: 00 00 00 00 00 00 00 00 00 00 00 00 00 00 00 00 
C8E2: 00 00 00 00 00 00 00 00 00 00 00 00 00 00 00 00 
C8F2: 00 00 00 00 00 00 00 00 00 00 00 00 00 00 00 00 
C902: 00 00 00 00 00 00 00 00 00 00 00 00 00 00 00 00 
C912: 00 00 00 00 00 00 00 00 00 00 00 00 00 00 00 00 
C922: 00 00 00 00 00 00 00 00 00 00 00 00 00 00 00 00 
C932: 00 00 00 00 00 00 00 00 00 00 00 00 00 00 00 00 
C942: 00 00 00 00 00 00 00 00 00 00 00 00 00 00 00 00 
C952: 00 00 00 00 00 00 00 00 00 00 00 00 00 00 00 00 
C962: 00 00 00 00 00 00 00 00 00 00 00 00 00 00 00 00 
C972: 00 00 00 00 00 00 00 00 00 00 00 00 00 00 00 00 
C982: 00 00 00 00 00 00 00 00 00 00 00 00 00 00 00 00 
C992: 00 00 00 00 00 00 00 00 00 00 00 00 00 00 00 00 
C9A2: 00 00 00 00 00 00 00 00 00 00 00 00 00 00 00 00 
C9B2: 00 00 00 00 00 00 00 00 00 00 00 00 00 00 00 00 
C9C2: 00 00 00 00 00 00 00 00 00 00 00 00 00 00 00 00 
C9D2: 00 00 00 00 00 00 00 00 00 00 00 00 00 00 00 00 
C9E2: 00 00 00 00 00 00 00 00 00 00 00 00 00 00 00 00 
C9F2: 00 00 00 00 00 00 00 00 00 00 00 00 00 00 00 00 
CA02: 00 00 00 00 00 00 00 00 00 00 00 00 00 00 00 00 
CA12: 00 00 00 00 00 00 00 00 00 00 00 00 00 00 00 00 
CA22: 00 00 00 00 00 00 00 00 00 00 00 00 00 00 00 00 
CA32: 00 00 00 00 00 00 00 00 00 00 00 00 00 00 00 00 
CA42: 00 00 00 00 00 00 00 00 00 00 00 00 00 00 00 00 
CA52: 00 00 00 00 00 00 00 00 00 00 00 00 00 00 00 00 
CA62: 00 00 00 00 00 00 00 00 00 00 00 00 00 00 00 00 
CA72: 00 00 00 00 00 00 00 00 00 00 00 00 00 00 00 00 
CA82: 00 00 00 00 00 00 00 00 00 00 00 00 00 00 00 00 
CA92: 00 00 00 00 00 00 00 00 00 00 00 00 00 00 00 00 
CAA2: 00 00 00 00 00 00 00 00 00 00 00 00 00 00 00 00 
CAB2: 00 00 00 00 00 00 00 00 00 00 00 00 00 00 00 00 
CAC2: 00 00 00 00 00 00 00 00 00 00 00 00 00 00 00 00 
CAD2: 00 00 00 00 00 00 00 00 00 00 00 00 00 00 00 00 
CAE2: 00 00 00 00 00 00 00 00 00 00 00 00 00 00 00 00 
CAF2: 00 00 00 00 00 00 00 00 00 00 00 00 00 00 00 00 
CB02: 00 00 00 00 00 00 00 00 00 00 00 00 00 00 00 00 
CB12: 00 00 00 00 00 00 00 00 00 00 00 00 00 00 00 00 
CB22: 00 00 00 00 00 00 00 00 00 00 00 00 00 00 00 00 
CB32: 00 00 00 00 00 00 00 00 00 00 00 00 00 00 00 00 
CB42: 00 00 00 00 00 00 00 00 00 00 00 00 00 00 00 00 
CB52: 00 00 00 00 00 00 00 00 00 00 00 00 00 00 00 00 
CB62: 00 00 00 00 00 00 00 00 00 00 00 00 00 00 00 00 
CB72: 00 00 00 00 00 00 00 00 00 00 00 00 00 00 00 00 
CB82: 00 00 00 00 00 00 00 00 00 00 00 00 00 00 00 00 
CB92: 00 00 00 00 00 00 00 00 00 00 00 00 00 00 00 00 
CBA2: 00 00 00 00 00 00 00 00 00 00 00 00 00 00 00 00 
CBB2: 00 00 00 00 00 00 00 00 00 00 00 00 00 00 00 00 
CBC2: 00 00 00 00 00 00 00 00 00 00 00 00 00 00 00 00 
CBD2: 00 00 00 00 00 00 00 00 00 00 00 00 00 00 00 00 
CBE2: 00 00 00 00 00 00 00 00 00 00 00 00 00 00 00 00 
CBF2: 00 00 00 00 00 00 00 00 00 00 00 00 00 00 00 00 
CC02: 00 00 00 00 00 00 00 00 00 00 00 00 00 00 00 00 
CC12: 00 00 00 00 00 00 00 00 00 00 00 00 00 00 00 00 
CC22: 00 00 00 00 00 00 00 00 00 00 00 00 00 00 00 00 
CC32: 00 00 00 00 00 00 00 00 00 00 00 00 00 00 00 00 
CC42: 00 00 00 00 00 00 00 00 00 00 00 00 00 00 00 00 
CC52: 00 00 00 00 00 00 00 00 00 00 00 00 00 00 00 00 
CC62: 00 00 00 00 00 00 00 00 00 00 00 00 00 00 00 00 
CC72: 00 00 00 00 00 00 00 00 00 00 00 00 00 00 00 00 
CC82: 00 00 00 00 00 00 00 00 00 00 00 00 00 00 00 00 
CC92: 00 00 00 00 00 00 00 00 00 00 00 00 00 00 00 00 
CCA2: 00 00 00 00 00 00 00 00 00 00 00 00 00 00 00 00 
CCB2: 00 00 00 00 00 00 00 00 00 00 00 00 00 00 00 00 
CCC2: 00 00 00 00 00 00 00 00 00 00 00 00 00 00 00 00 
CCD2: 00 00 00 00 00 00 00 00 00 00 00 00 00 00 00 00 
CCE2: 00 00 00 00 00 00 00 00 00 00 00 00 00 00 00 00 
CCF2: 00 00 00 00 00 00 00 00 00 00 00 00 00 00 00 00 
CD02: 00 00 00 00 00 00 00 00 00 00 00 00 00 00 00 00 
CD12: 00 00 00 00 00 00 00 00 00 00 00 00 00 00 00 00 
CD22: 00 00 00 00 00 00 00 00 00 00 00 00 00 00 00 00 
CD32: 00 00 00 00 00 00 00 00 00 00 00 00 00 00 00 00 
CD42: 00 00 00 00 00 00 00 00 00 00 00 00 00 00 00 00 
CD52: 00 00 00 00 00 00 00 00 00 00 00 00 00 00 00 00 
CD62: 00 00 00 00 00 00 00 00 00 00 00 00 00 00 00 00 
CD72: 00 00 00 00 00 00 00 00 00 00 00 00 00 00 00 00 
CD82: 00 00 00 00 00 00 00 00 00 00 00 00 00 00 00 00 
CD92: 00 00 00 00 00 00 00 00 00 00 00 00 00 00 00 00 
CDA2: 00 00 00 00 00 00 00 00 00 00 00 00 00 00 00 00 
CDB2: 00 00 00 00 00 00 00 00 00 00 00 00 00 00 00 00 
CDC2: 00 00 00 00 00 00 00 00 00 00 00 00 00 00 00 00 
CDD2: 00 00 00 00 00 00 00 00 00 00 00 00 00 00 00 00 
CDE2: 00 00 00 00 00 00 00 00 00 00 00 00 00 00 00 00 
CDF2: 00 00 00 00 00 00 00 00 00 00 00 00 00 00 00 00 
CE02: 00 00 00 00 00 00 00 00 00 00 00 00 00 00 00 00 
CE12: 00 00 00 00 00 00 00 00 00 00 00 00 00 00 00 00 
CE22: 00 00 00 00 00 00 00 00 00 00 00 00 00 00 00 00 
CE32: 00 00 00 00 00 00 00 00 00 00 00 00 00 00 00 00 
CE42: 00 00 00 00 00 00 00 00 00 00 00 00 00 00 00 00 
CE52: 00 00 00 00 00 00 00 00 00 00 00 00 00 00 00 00 
CE62: 00 00 00 00 00 00 00 00 00 00 00 00 00 00 00 00 
CE72: 00 00 00 00 00 00 00 00 00 00 00 00 00 00 00 00 
CE82: 00 00 00 00 00 00 00 00 00 00 00 00 00 00 00 00 
CE92: 00 00 00 00 00 00 00 00 00 00 00 00 00 00 00 00 
CEA2: 00 00 00 00 00 00 00 00 00 00 00 00 00 00 00 00 
CEB2: 00 00 00 00 00 00 00 00 00 00 00 00 00 00 00 00 
CEC2: 00 00 00 00 00 00 00 00 00 00 00 00 00 00 00 00 
CED2: 00 00 00 00 00 00 00 00 00 00 00 00 00 00 00 00 
CEE2: 00 00 00 00 00 00 00 00 00 00 00 00 00 00 00 00 
CEF2: 00 00 00 00 00 00 00 00 00 00 00 00 00 00 00 00 
CF02: 00 00 00 00 00 00 00 00 00 00 00 00 00 00 00 00 
CF12: 00 00 00 00 00 00 00 00 00 00 00 00 00 00 00 00 
CF22: 00 00 00 00 00 00 00 00 00 00 00 00 00 00 00 00 
CF32: 00 00 00 00 00 00 00 00 00 00 00 00 00 00 00 00 
CF42: 00 00 00 00 00 00 00 00 00 00 00 00 00 00 00 00 
CF52: 00 00 00 00 00 00 00 00 00 00 00 00 00 00 00 00 
CF62: 00 00 00 00 00 00 00 00 00 00 00 00 00 00 00 00 
CF72: 00 00 00 00 00 00 00 00 00 00 00 00 00 00 00 00 
CF82: 00 00 00 00 00 00 00 00 00 00 00 00 00 00 00 00 
CF92: 00 00 00 00 00 00 00 00 00 00 00 00 00 00 00 00 
CFA2: 00 00 00 00 00 00 00 00 00 00 00 00 00 00 00 00 
CFB2: 00 00 00 00 00 00 00 00 00 00 00 00 00 00 00 00 
CFC2: 00 00 00 00 00 00 00 00 00 00 00 00 00 00 00 00 
CFD2: 00 00 00 00 00 00 00 00 00 00 00 00 00 00 00 00 
CFE2: 00 00 00 00 00 00 00 00 00 00 00 00 00 00 00 00 
CFF2: 00 00 00 00 00 00 00 00 00 00 00 00 00 00 00 00 
D002: 00 00 00 00 00 00 00 00 00 00 00 00 00 00 00 00 
D012: 00 00 00 00 00 00 00 00 00 00 00 00 00 00 00 00 
D022: 00 00 00 00 00 00 00 00 00 00 00 00 00 00 00 00 
D032: 00 00 00 00 00 00 00 00 00 00 00 00 00 00 00 00 
D042: 00 00 00 00 00 00 00 00 00 00 00 00 00 00 00 00 
D052: 00 00 00 00 00 00 00 00 00 00 00 00 00 00 00 00 
D062: 00 00 00 00 00 00 00 00 00 00 00 00 00 00 00 00 
D072: 00 00 00 00 00 00 00 00 00 00 00 00 00 00 00 00 
D082: 00 00 00 00 00 00 00 00 00 00 00 00 00 00 00 00 
D092: 00 00 00 00 00 00 00 00 00 00 00 00 00 00 00 00 
D0A2: 00 00 00 00 00 00 00 00 00 00 00 00 00 00 00 00 
D0B2: 00 00 00 00 00 00 00 00 00 00 00 00 00 00 00 00 
D0C2: 00 00 00 00 00 00 00 00 00 00 00 00 00 00 00 00 
D0D2: 00 00 00 00 00 00 00 00 00 00 00 00 00 00 00 00 
D0E2: 00 00 00 00 00 00 00 00 00 00 00 00 00 00 00 00 
D0F2: 00 00 00 00 00 00 00 00 00 00 00 00 00 00 00 00 
D102: 00 00 00 00 00 00 00 00 00 00 00 00 00 00 00 00 
D112: 00 00 00 00 00 00 00 00 00 00 00 00 00 00 00 00 
D122: 00 00 00 00 00 00 00 00 00 00 00 00 00 00 00 00 
D132: 00 00 00 00 00 00 00 00 00 00 00 00 00 00 00 00 
D142: 00 00 00 00 00 00 00 00 00 00 00 00 00 00 00 00 
D152: 00 00 00 00 00 00 00 00 00 00 00 00 00 00 00 00 
D162: 00 00 00 00 00 00 00 00 00 00 00 00 00 00 00 00 
D172: 00 00 00 00 00 00 00 00 00 00 00 00 00 00 00 00 
D182: 00 00 00 00 00 00 00 00 00 00 00 00 00 00 00 00 
D192: 00 00 00 00 00 00 00 00 00 00 00 00 00 00 00 00 
D1A2: 00 00 00 00 00 00 00 00 00 00 00 00 00 00 00 00 
D1B2: 00 00 00 00 00 00 00 00 00 00 00 00 00 00 00 00 
D1C2: 00 00 00 00 00 00 00 00 00 00 00 00 00 00 00 00 
D1D2: 00 00 00 00 00 00 00 00 00 00 00 00 00 00 00 00 
D1E2: 00 00 00 00 00 00 00 00 00 00 00 00 00 00 00 00 
D1F2: 00 00 00 00 00 00 00 00 00 00 00 00 00 00 00 00 
D202: 00 00 00 00 00 00 00 00 00 00 00 00 00 00 00 00 
D212: 00 00 00 00 00 00 00 00 00 00 00 00 00 00 00 00 
D222: 00 00 00 00 00 00 00 00 00 00 00 00 00 00 00 00 
D232: 00 00 00 00 00 00 00 00 00 00 00 00 00 00 00 00 
D242: 00 00 00 00 00 00 00 00 00 00 00 00 00 00 00 00 
D252: 00 00 00 00 00 00 00 00 00 00 00 00 00 00 00 00 
D262: 00 00 00 00 00 00 00 00 00 00 00 00 00 00 00 00 
D272: 00 00 00 00 00 00 00 00 00 00 00 00 00 00 00 00 
D282: 00 00 00 00 00 00 00 00 00 00 00 00 00 00 00 00 
D292: 00 00 00 00 00 00 00 00 00 00 00 00 00 00 00 00 
D2A2: 00 00 00 00 00 00 00 00 00 00 00 00 00 00 00 00 
D2B2: 00 00 00 00 00 00 00 00 00 00 00 00 00 00 00 00 
D2C2: 00 00 00 00 00 00 00 00 00 00 00 00 00 00 00 00 
D2D2: 00 00 00 00 00 00 00 00 00 00 00 00 00 00 00 00 
D2E2: 00 00 00 00 00 00 00 00 00 00 00 00 00 00 00 00 
D2F2: 00 00 00 00 00 00 00 00 00 00 00 00 00 00 00 00 
D302: 00 00 00 00 00 00 00 00 00 00 00 00 00 00 00 00 
D312: 00 00 00 00 00 00 00 00 00 00 00 00 00 00 00 00 
D322: 00 00 00 00 00 00 00 00 00 00 00 00 00 00 00 00 
D332: 00 00 00 00 00 00 00 00 00 00 00 00 00 00 00 00 
D342: 00 00 00 00 00 00 00 00 00 00 00 00 00 00 00 00 
D352: 00 00 00 00 00 00 00 00 00 00 00 00 00 00 00 00 
D362: 00 00 00 00 00 00 00 00 00 00 00 00 00 00 00 00 
D372: 00 00 00 00 00 00 00 00 00 00 00 00 00 00 00 00 
D382: 00 00 00 00 00 00 00 00 00 00 00 00 00 00 00 00 
D392: 00 00 00 00 00 00 00 00 00 00 00 00 00 00 00 00 
D3A2: 00 00 00 00 00 00 00 00 00 00 00 00 00 00 00 00 
D3B2: 00 00 00 00 00 00 00 00 00 00 00 00 00 00 00 00 
D3C2: 00 00 00 00 00 00 00 00 00 00 00 00 00 00 00 00 
D3D2: 00 00 00 00 00 00 00 00 00 00 00 00 00 00 00 00 
D3E2: 00 00 00 00 00 00 00 00 00 00 00 00 00 00 00 00 
D3F2: 00 00 00 00 00 00 00 00 00 00 00 00 00 00 00 00 
D402: 00 00 00 00 00 00 00 00 00 00 00 00 00 00 00 00 
D412: 00 00 00 00 00 00 00 00 00 00 00 00 00 00 00 00 
D422: 00 00 00 00 00 00 00 00 00 00 00 00 00 00 00 00 
D432: 00 00 00 00 00 00 00 00 00 00 00 00 00 00 00 00 
D442: 00 00 00 00 00 00 00 00 00 00 00 00 00 00 00 00 
D452: 00 00 00 00 00 00 00 00 00 00 00 00 00 00 00 00 
D462: 00 00 00 00 00 00 00 00 00 00 00 00 00 00 00 00 
D472: 00 00 00 00 00 00 00 00 00 00 00 00 00 00 00 00 
D482: 00 00 00 00 00 00 00 00 00 00 00 00 00 00 00 00 
D492: 00 00 00 00 00 00 00 00 00 00 00 00 00 00 00 00 
D4A2: 00 00 00 00 00 00 00 00 00 00 00 00 00 00 00 00 
D4B2: 00 00 00 00 00 00 00 00 00 00 00 00 00 00 00 00 
D4C2: 00 00 00 00 00 00 00 00 00 00 00 00 00 00 00 00 
D4D2: 00 00 00 00 00 00 00 00 00 00 00 00 00 00 00 00 
D4E2: 00 00 00 00 00 00 00 00 00 00 00 00 00 00 00 00 
D4F2: 00 00 00 00 00 00 00 00 00 00 00 00 00 00 00 00 
D502: 00 00 00 00 00 00 00 00 00 00 00 00 00 00 00 00 
D512: 00 00 00 00 00 00 00 00 00 00 00 00 00 00 00 00 
D522: 00 00 00 00 00 00 00 00 00 00 00 00 00 00 00 00 
D532: 00 00 00 00 00 00 00 00 00 00 00 00 00 00 00 00 
D542: 00 00 00 00 00 00 00 00 00 00 00 00 00 00 00 00 
D552: 00 00 00 00 00 00 00 00 00 00 00 00 00 00 00 00 
D562: 00 00 00 00 00 00 00 00 00 00 00 00 00 00 00 00 
D572: 00 00 00 00 00 00 00 00 00 00 00 00 00 00 00 00 
D582: 00 00 00 00 00 00 00 00 00 00 00 00 00 00 00 00 
D592: 00 00 00 00 00 00 00 00 00 00 00 00 00 00 00 00 
D5A2: 00 00 00 00 00 00 00 00 00 00 00 00 00 00 00 00 
D5B2: 00 00 00 00 00 00 00 00 00 00 00 00 00 00 00 00 
D5C2: 00 00 00 00 00 00 00 00 00 00 00 00 00 00 00 00 
D5D2: 00 00 00 00 00 00 00 00 00 00 00 00 00 00 00 00 
D5E2: 00 00 00 00 00 00 00 00 00 00 00 00 00 00 00 00 
D5F2: 00 00 00 00 00 00 00 00 00 00 00 00 00 00 00 00 
D602: 00 00 00 00 00 00 00 00 00 00 00 00 00 00 00 00 
D612: 00 00 00 00 00 00 00 00 00 00 00 00 00 00 00 00 
D622: 00 00 00 00 00 00 00 00 00 00 00 00 00 00 00 00 
D632: 00 00 00 00 00 00 00 00 00 00 00 00 00 00 00 00 
D642: 00 00 00 00 00 00 00 00 00 00 00 00 00 00 00 00 
D652: 00 00 00 00 00 00 00 00 00 00 00 00 00 00 00 00 
D662: 00 00 00 00 00 00 00 00 00 00 00 00 00 00 00 00 
D672: 00 00 00 00 00 00 00 00 00 00 00 00 00 00 00 00 
D682: 00 00 00 00 00 00 00 00 00 00 00 00 00 00 00 00 
D692: 00 00 00 00 00 00 00 00 00 00 00 00 00 00 00 00 
D6A2: 00 00 00 00 00 00 00 00 00 00 00 00 00 00 00 00 
D6B2: 00 00 00 00 00 00 00 00 00 00 00 00 00 00 00 00 
D6C2: 00 00 00 00 00 00 00 00 00 00 00 00 00 00 00 00 
D6D2: 00 00 00 00 00 00 00 00 00 00 00 00 00 00 00 00 
D6E2: 00 00 00 00 00 00 00 00 00 00 00 00 00 00 00 00 
D6F2: 00 00 00 00 00 00 00 00 00 00 00 00 00 00 00 00 
D702: 00 00 00 00 00 00 00 00 00 00 00 00 00 00 00 00 
D712: 00 00 00 00 00 00 00 00 00 00 00 00 00 00 00 00 
D722: 00 00 00 00 00 00 00 00 00 00 00 00 00 00 00 00 
D732: 00 00 00 00 00 00 00 00 00 00 00 00 00 00 00 00 
D742: 00 00 00 00 00 00 00 00 00 00 00 00 00 00 00 00 
D752: 00 00 00 00 00 00 00 00 00 00 00 00 00 00 00 00 
D762: 00 00 00 00 00 00 00 00 00 00 00 00 00 00 00 00 
D772: 00 00 00 00 00 00 00 00 00 00 00 00 00 00 00 00 
D782: 00 00 00 00 00 00 00 00 00 00 00 00 00 00 00 00 
D792: 00 00 00 00 00 00 00 00 00 00 00 00 00 00 00 00 
D7A2: 00 00 00 00 00 00 00 00 00 00 00 00 00 00 00 00 
D7B2: 00 00 00 00 00 00 00 00 00 00 00 00 00 00 00 00 
D7C2: 00 00 00 00 00 00 00 00 00 00 00 00 00 00 00 00 
D7D2: 00 00 00 00 00 00 00 00 00 00 00 00 00 00 00 00 
D7E2: 00 00 00 00 00 00 00 00 00 00 00 00 00 00 00 00 
D7F2: 00 00 00 00 00 00 00 00 00 00 00 00 00 00 00 00 
D802: 00 00 00 00 00 00 00 00 00 00 00 00 00 00 00 00 
D812: 00 00 00 00 00 00 00 00 00 00 00 00 00 00 00 00 
D822: 00 00 00 00 00 00 00 00 00 00 00 00 00 00 00 00 
D832: 00 00 00 00 00 00 00 00 00 00 00 00 00 00 00 00 
D842: 00 00 00 00 00 00 00 00 00 00 00 00 00 00 00 00 
D852: 00 00 00 00 00 00 00 00 00 00 00 00 00 00 00 00 
D862: 00 00 00 00 00 00 00 00 00 00 00 00 00 00 00 00 
D872: 00 00 00 00 00 00 00 00 00 00 00 00 00 00 00 00 
D882: 00 00 00 00 00 00 00 00 00 00 00 00 00 00 00 00 
D892: 00 00 00 00 00 00 00 00 00 00 00 00 00 00 00 00 
D8A2: 00 00 00 00 00 00 00 00 00 00 00 00 00 00 00 00 
D8B2: 00 00 00 00 00 00 00 00 00 00 00 00 00 00 00 00 
D8C2: 00 00 00 00 00 00 00 00 00 00 00 00 00 00 00 00 
D8D2: 00 00 00 00 00 00 00 00 00 00 00 00 00 00 00 00 
D8E2: 00 00 00 00 00 00 00 00 00 00 00 00 00 00 00 00 
D8F2: 00 00 00 00 00 00 00 00 00 00 00 00 00 00 00 00 
D902: 00 00 00 00 00 00 00 00 00 00 00 00 00 00 00 00 
D912: 00 00 00 00 00 00 00 00 00 00 00 00 00 00 00 00 
D922: 00 00 00 00 00 00 00 00 00 00 00 00 00 00 00 00 
D932: 00 00 00 00 00 00 00 00 00 00 00 00 00 00 00 00 
D942: 00 00 00 00 00 00 00 00 00 00 00 00 00 00 00 00 
D952: 00 00 00 00 00 00 00 00 00 00 00 00 00 00 00 00 
D962: 00 00 00 00 00 00 00 00 00 00 00 00 00 00 00 00 
D972: 00 00 00 00 00 00 00 00 00 00 00 00 00 00 00 00 
D982: 00 00 00 00 00 00 00 00 00 00 00 00 00 00 00 00 
D992: 00 00 00 00 00 00 00 00 00 00 00 00 00 00 00 00 
D9A2: 00 00 00 00 00 00 00 00 00 00 00 00 00 00 00 00 
D9B2: 00 00 00 00 00 00 00 00 00 00 00 00 00 00 00 00 
D9C2: 00 00 00 00 00 00 00 00 00 00 00 00 00 00 00 00 
D9D2: 00 00 00 00 00 00 00 00 00 00 00 00 00 00 00 00 
D9E2: 00 00 00 00 00 00 00 00 00 00 00 00 00 00 00 00 
D9F2: 00 00 00 00 00 00 00 00 00 00 00 00 00 00 00 00 
DA02: 00 00 00 00 00 00 00 00 00 00 00 00 00 00 00 00 
DA12: 00 00 00 00 00 00 00 00 00 00 00 00 00 00 00 00 
DA22: 00 00 00 00 00 00 00 00 00 00 00 00 00 00 00 00 
DA32: 00 00 00 00 00 00 00 00 00 00 00 00 00 00 00 00 
DA42: 00 00 00 00 00 00 00 00 00 00 00 00 00 00 00 00 
DA52: 00 00 00 00 00 00 00 00 00 00 00 00 00 00 00 00 
DA62: 00 00 00 00 00 00 00 00 00 00 00 00 00 00 00 00 
DA72: 00 00 00 00 00 00 00 00 00 00 00 00 00 00 00 00 
DA82: 00 00 00 00 00 00 00 00 00 00 00 00 00 00 00 00 
DA92: 00 00 00 00 00 00 00 00 00 00 00 00 00 00 00 00 
DAA2: 00 00 00 00 00 00 00 00 00 00 00 00 00 00 00 00 
DAB2: 00 00 00 00 00 00 00 00 00 00 00 00 00 00 00 00 
DAC2: 00 00 00 00 00 00 00 00 00 00 00 00 00 00 00 00 
DAD2: 00 00 00 00 00 00 00 00 00 00 00 00 00 00 00 00 
DAE2: 00 00 00 00 00 00 00 00 00 00 00 00 00 00 00 00 
DAF2: 00 00 00 00 00 00 00 00 00 00 00 00 00 00 00 00 
DB02: 00 00 00 00 00 00 00 00 00 00 00 00 00 00 00 00 
DB12: 00 00 00 00 00 00 00 00 00 00 00 00 00 00 00 00 
DB22: 00 00 00 00 00 00 00 00 00 00 00 00 00 00 00 00 
DB32: 00 00 00 00 00 00 00 00 00 00 00 00 00 00 00 00 
DB42: 00 00 00 00 00 00 00 00 00 00 00 00 00 00 00 00 
DB52: 00 00 00 00 00 00 00 00 00 00 00 00 00 00 00 00 
DB62: 00 00 00 00 00 00 00 00 00 00 00 00 00 00 00 00 
DB72: 00 00 00 00 00 00 00 00 00 00 00 00 00 00 00 00 
DB82: 00 00 00 00 00 00 00 00 00 00 00 00 00 00 00 00 
DB92: 00 00 00 00 00 00 00 00 00 00 00 00 00 00 00 00 
DBA2: 00 00 00 00 00 00 00 00 00 00 00 00 00 00 00 00 
DBB2: 00 00 00 00 00 00 00 00 00 00 00 00 00 00 00 00 
DBC2: 00 00 00 00 00 00 00 00 00 00 00 00 00 00 00 00 
DBD2: 00 00 00 00 00 00 00 00 00 00 00 00 00 00 00 00 
DBE2: 00 00 00 00 00 00 00 00 00 00 00 00 00 00 00 00 
DBF2: 00 00 00 00 00 00 00 00 00 00 00 00 00 00 00 00 
DC02: 00 00 00 00 00 00 00 00 00 00 00 00 00 00 00 00 
DC12: 00 00 00 00 00 00 00 00 00 00 00 00 00 00 00 00 
DC22: 00 00 00 00 00 00 00 00 00 00 00 00 00 00 00 00 
DC32: 00 00 00 00 00 00 00 00 00 00 00 00 00 00 00 00 
DC42: 00 00 00 00 00 00 00 00 00 00 00 00 00 00 00 00 
DC52: 00 00 00 00 00 00 00 00 00 00 00 00 00 00 00 00 
DC62: 00 00 00 00 00 00 00 00 00 00 00 00 00 00 00 00 
DC72: 00 00 00 00 00 00 00 00 00 00 00 00 00 00 00 00 
DC82: 00 00 00 00 00 00 00 00 00 00 00 00 00 00 00 00 
DC92: 00 00 00 00 00 00 00 00 00 00 00 00 00 00 00 00 
DCA2: 00 00 00 00 00 00 00 00 00 00 00 00 00 00 00 00 
DCB2: 00 00 00 00 00 00 00 00 00 00 00 00 00 00 00 00 
DCC2: 00 00 00 00 00 00 00 00 00 00 00 00 00 00 00 00 
DCD2: 00 00 00 00 00 00 00 00 00 00 00 00 00 00 00 00 
DCE2: 00 00 00 00 00 00 00 00 00 00 00 00 00 00 00 00 
DCF2: 00 00 00 00 00 00 00 00 00 00 00 00 00 00 00 00 
DD02: 00 00 00 00 00 00 00 00 00 00 00 00 00 00 00 00 
DD12: 00 00 00 00 00 00 00 00 00 00 00 00 00 00 00 00 
DD22: 00 00 00 00 00 00 00 00 00 00 00 00 00 00 00 00 
DD32: 00 00 00 00 00 00 00 00 00 00 00 00 00 00 00 00 
DD42: 00 00 00 00 00 00 00 00 00 00 00 00 00 00 00 00 
DD52: 00 00 00 00 00 00 00 00 00 00 00 00 00 00 00 00 
DD62: 00 00 00 00 00 00 00 00 00 00 00 00 00 00 00 00 
DD72: 00 00 00 00 00 00 00 00 00 00 00 00 00 00 00 00 
DD82: 00 00 00 00 00 00 00 00 00 00 00 00 00 00 00 00 
DD92: 00 00 00 00 00 00 00 00 00 00 00 00 00 00 00 00 
DDA2: 00 00 00 00 00 00 00 00 00 00 00 00 00 00 00 00 
DDB2: 00 00 00 00 00 00 00 00 00 00 00 00 00 00 00 00 
DDC2: 00 00 00 00 00 00 00 00 00 00 00 00 00 00 00 00 
DDD2: 00 00 00 00 00 00 00 00 00 00 00 00 00 00 00 00 
DDE2: 00 00 00 00 00 00 00 00 00 00 00 00 00 00 00 00 
DDF2: 00 00 00 00 00 00 00 00 00 00 00 00 00 00 00 00 
DE02: 00 00 00 00 00 00 00 00 00 00 00 00 00 00 00 00 
DE12: 00 00 00 00 00 00 00 00 00 00 00 00 00 00 00 00 
DE22: 00 00 00 00 00 00 00 00 00 00 00 00 00 00 00 00 
DE32: 00 00 00 00 00 00 00 00 00 00 00 00 00 00 00 00 
DE42: 00 00 00 00 00 00 00 00 00 00 00 00 00 00 00 00 
DE52: 00 00 00 00 00 00 00 00 00 00 00 00 00 00 00 00 
DE62: 00 00 00 00 00 00 00 00 00 00 00 00 00 00 00 00 
DE72: 00 00 00 00 00 00 00 00 00 00 00 00 00 00 00 00 
DE82: 00 00 00 00 00 00 00 00 00 00 00 00 00 00 00 00 
DE92: 00 00 00 00 00 00 00 00 00 00 00 00 00 00 00 00 
DEA2: 00 00 00 00 00 00 00 00 00 00 00 00 00 00 00 00 
DEB2: 00 00 00 00 00 00 00 00 00 00 00 00 00 00 00 00 
DEC2: 00 00 00 00 00 00 00 00 00 00 00 00 00 00 00 00 
DED2: 00 00 00 00 00 00 00 00 00 00 00 00 00 00 00 00 
DEE2: 00 00 00 00 00 00 00 00 00 00 00 00 00 00 00 00 
DEF2: 00 00 00 00 00 00 00 00 00 00 00 00 00 00 00 00 
DF02: 00 00 00 00 00 00 00 00 00 00 00 00 00 00 00 00 
DF12: 00 00 00 00 00 00 00 00 00 00 00 00 00 00 00 00 
DF22: 00 00 00 00 00 00 00 00 00 00 00 00 00 00 00 00 
DF32: 00 00 00 00 00 00 00 00 00 00 00 00 00 00 00 00 
DF42: 00 00 00 00 00 00 00 00 00 00 00 00 00 00 00 00 
DF52: 00 00 00 00 00 00 00 00 00 00 00 00 00 00 00 00 
DF62: 00 00 00 00 00 00 00 00 00 00 00 00 00 00 00 00 
DF72: 00 00 00 00 00 00 00 00 00 00 00 00 00 00 00 00 
DF82: 00 00 00 00 00 00 00 00 00 00 00 00 00 00 00 00 
DF92: 00 00 00 00 00 00 00 00 00 00 00 00 00 00 00 00 
DFA2: 00 00 00 00 00 00 00 00 00 00 00 00 00 00 00 00 
DFB2: 00 00 00 00 00 00 00 00 00 00 00 00 00 00 00 00 
DFC2: 00 00 00 00 00 00 00 00 00 00 00 00 00 00 00 00 
DFD2: 00 00 00 00 00 00 00 00 00 00 00 00 00 00 00 00 
DFE2: 00 00 00 00 00 00 00 00 00 00 00 00 00 00 00 00 
DFF2: 00 00 00 00 00 00 00 00 00 00 00 00 00 00 00 00 
E002: 00 00 00 00 00 00 00 00 00 00 00 00 00 00 00 00 
E012: 00 00 00 00 00 00 00 00 00 00 00 00 00 00 00 00 
E022: 00 00 00 00 00 00 00 00 00 00 00 00 00 00 00 00 
E032: 00 00 00 00 00 00 00 00 00 00 00 00 00 00 00 00 
E042: 00 00 00 00 00 00 00 00 00 00 00 00 00 00 00 00 
E052: 00 00 00 00 00 00 00 00 00 00 00 00 00 00 00 00 
E062: 00 00 00 00 00 00 00 00 00 00 00 00 00 00 00 00 
E072: 00 00 00 00 00 00 00 00 00 00 00 00 00 00 00 00 
E082: 00 00 00 00 00 00 00 00 00 00 00 00 00 00 00 00 
E092: 00 00 00 00 00 00 00 00 00 00 00 00 00 00 00 00 
E0A2: 00 00 00 00 00 00 00 00 00 00 00 00 00 00 00 00 
E0B2: 00 00 00 00 00 00 00 00 00 00 00 00 00 00 00 00 
E0C2: 00 00 00 00 00 00 00 00 00 00 00 00 00 00 00 00 
E0D2: 00 00 00 00 00 00 00 00 00 00 00 00 00 00 00 00 
E0E2: 00 00 00 00 00 00 00 00 00 00 00 00 00 00 00 00 
E0F2: 00 00 00 00 00 00 00 00 00 00 00 00 00 00 00 00 
E102: 00 00 00 00 00 00 00 00 00 00 00 00 00 00 00 00 
E112: 00 00 00 00 00 00 00 00 00 00 00 00 00 00 00 00 
E122: 00 00 00 00 00 00 00 00 00 00 00 00 00 00 00 00 
E132: 00 00 00 00 00 00 00 00 00 00 00 00 00 00 00 00 
E142: 00 00 00 00 00 00 00 00 00 00 00 00 00 00 00 00 
E152: 00 00 00 00 00 00 00 00 00 00 00 00 00 00 00 00 
E162: 00 00 00 00 00 00 00 00 00 00 00 00 00 00 00 00 
E172: 00 00 00 00 00 00 00 00 00 00 00 00 00 00 00 00 
E182: 00 00 00 00 00 00 00 00 00 00 00 00 00 00 00 00 
E192: 00 00 00 00 00 00 00 00 00 00 00 00 00 00 00 00 
E1A2: 00 00 00 00 00 00 00 00 00 00 00 00 00 00 00 00 
E1B2: 00 00 00 00 00 00 00 00 00 00 00 00 00 00 00 00 
E1C2: 00 00 00 00 00 00 00 00 00 00 00 00 00 00 00 00 
E1D2: 00 00 00 00 00 00 00 00 00 00 00 00 00 00 00 00 
E1E2: 00 00 00 00 00 00 00 00 00 00 00 00 00 00 00 00 
E1F2: 00 00 00 00 00 00 00 00 00 00 00 00 00 00 00 00 
E202: 00 00 00 00 00 00 00 00 00 00 00 00 00 00 00 00 
E212: 00 00 00 00 00 00 00 00 00 00 00 00 00 00 00 00 
E222: 00 00 00 00 00 00 00 00 00 00 00 00 00 00 00 00 
E232: 00 00 00 00 00 00 00 00 00 00 00 00 00 00 00 00 
E242: 00 00 00 00 00 00 00 00 00 00 00 00 00 00 00 00 
E252: 00 00 00 00 00 00 00 00 00 00 00 00 00 00 00 00 
E262: 00 00 00 00 00 00 00 00 00 00 00 00 00 00 00 00 
E272: 00 00 00 00 00 00 00 00 00 00 00 00 00 00 00 00 
E282: 00 00 00 00 00 00 00 00 00 00 00 00 00 00 00 00 
E292: 00 00 00 00 00 00 00 00 00 00 00 00 00 00 00 00 
E2A2: 00 00 00 00 00 00 00 00 00 00 00 00 00 00 00 00 
E2B2: 00 00 00 00 00 00 00 00 00 00 00 00 00 00 00 00 
E2C2: 00 00 00 00 00 00 00 00 00 00 00 00 00 00 00 00 
E2D2: 00 00 00 00 00 00 00 00 00 00 00 00 00 00 00 00 
E2E2: 00 00 00 00 00 00 00 00 00 00 00 00 00 00 00 00 
E2F2: 00 00 00 00 00 00 00 00 00 00 00 00 00 00 00 00 
E302: 00 00 00 00 00 00 00 00 00 00 00 00 00 00 00 00 
E312: 00 00 00 00 00 00 00 00 00 00 00 00 00 00 00 00 
E322: 00 00 00 00 00 00 00 00 00 00 00 00 00 00 00 00 
E332: 00 00 00 00 00 00 00 00 00 00 00 00 00 00 00 00 
E342: 00 00 00 00 00 00 00 00 00 00 00 00 00 00 00 00 
E352: 00 00 00 00 00 00 00 00 00 00 00 00 00 00 00 00 
E362: 00 00 00 00 00 00 00 00 00 00 00 00 00 00 00 00 
E372: 00 00 00 00 00 00 00 00 00 00 00 00 00 00 00 00 
E382: 00 00 00 00 00 00 00 00 00 00 00 00 00 00 00 00 
E392: 00 00 00 00 00 00 00 00 00 00 00 00 00 00 00 00 
E3A2: 00 00 00 00 00 00 00 00 00 00 00 00 00 00 00 00 
E3B2: 00 00 00 00 00 00 00 00 00 00 00 00 00 00 00 00 
E3C2: 00 00 00 00 00 00 00 00 00 00 00 00 00 00 00 00 
E3D2: 00 00 00 00 00 00 00 00 00 00 00 00 00 00 00 00 
E3E2: 00 00 00 00 00 00 00 00 00 00 00 00 00 00 00 00 
E3F2: 00 00 00 00 00 00 00 00 00 00 00 00 00 00 00 00 
E402: 00 00 00 00 00 00 00 00 00 00 00 00 00 00 00 00 
E412: 00 00 00 00 00 00 00 00 00 00 00 00 00 00 00 00 
E422: 00 00 00 00 00 00 00 00 00 00 00 00 00 00 00 00 
E432: 00 00 00 00 00 00 00 00 00 00 00 00 00 00 00 00 
E442: 00 00 00 00 00 00 00 00 00 00 00 00 00 00 00 00 
E452: 00 00 00 00 00 00 00 00 00 00 00 00 00 00 00 00 
E462: 00 00 00 00 00 00 00 00 00 00 00 00 00 00 00 00 
E472: 00 00 00 00 00 00 00 00 00 00 00 00 00 00 00 00 
E482: 00 00 00 00 00 00 00 00 00 00 00 00 00 00 00 00 
E492: 00 00 00 00 00 00 00 00 00 00 00 00 00 00 00 00 
E4A2: 00 00 00 00 00 00 00 00 00 00 00 00 00 00 00 00 
E4B2: 00 00 00 00 00 00 00 00 00 00 00 00 00 00 00 00 
E4C2: 00 00 00 00 00 00 00 00 00 00 00 00 00 00 00 00 
E4D2: 00 00 00 00 00 00 00 00 00 00 00 00 00 00 00 00 
E4E2: 00 00 00 00 00 00 00 00 00 00 00 00 00 00 00 00 
E4F2: 00 00 00 00 00 00 00 00 00 00 00 00 00 00 00 00 
E502: 00 00 00 00 00 00 00 00 00 00 00 00 00 00 00 00 
E512: 00 00 00 00 00 00 00 00 00 00 00 00 00 00 00 00 
E522: 00 00 00 00 00 00 00 00 00 00 00 00 00 00 00 00 
E532: 00 00 00 00 00 00 00 00 00 00 00 00 00 00 00 00 
E542: 00 00 00 00 00 00 00 00 00 00 00 00 00 00 00 00 
E552: 00 00 00 00 00 00 00 00 00 00 00 00 00 00 00 00 
E562: 00 00 00 00 00 00 00 00 00 00 00 00 00 00 00 00 
E572: 00 00 00 00 00 00 00 00 00 00 00 00 00 00 00 00 
E582: 00 00 00 00 00 00 00 00 00 00 00 00 00 00 00 00 
E592: 00 00 00 00 00 00 00 00 00 00 00 00 00 00 00 00 
E5A2: 00 00 00 00 00 00 00 00 00 00 00 00 00 00 00 00 
E5B2: 00 00 00 00 00 00 00 00 00 00 00 00 00 00 00 00 
E5C2: 00 00 00 00 00 00 00 00 00 00 00 00 00 00 00 00 
E5D2: 00 00 00 00 00 00 00 00 00 00 00 00 00 00 00 00 
E5E2: 00 00 00 00 00 00 00 00 00 00 00 00 00 00 00 00 
E5F2: 00 00 00 00 00 00 00 00 00 00 00 00 00 00 00 00 
E602: 00 00 00 00 00 00 00 00 00 00 00 00 00 00 00 00 
E612: 00 00 00 00 00 00 00 00 00 00 00 00 00 00 00 00 
E622: 00 00 00 00 00 00 00 00 00 00 00 00 00 00 00 00 
E632: 00 00 00 00 00 00 00 00 00 00 00 00 00 00 00 00 
E642: 00 00 00 00 00 00 00 00 00 00 00 00 00 00 00 00 
E652: 00 00 00 00 00 00 00 00 00 00 00 00 00 00 00 00 
E662: 00 00 00 00 00 00 00 00 00 00 00 00 00 00 00 00 
E672: 00 00 00 00 00 00 00 00 00 00 00 00 00 00 00 00 
E682: 00 00 00 00 00 00 00 00 00 00 00 00 00 00 00 00 
E692: 00 00 00 00 00 00 00 00 00 00 00 00 00 00 00 00 
E6A2: 00 00 00 00 00 00 00 00 00 00 00 00 00 00 00 00 
E6B2: 00 00 00 00 00 00 00 00 00 00 00 00 00 00 00 00 
E6C2: 00 00 00 00 00 00 00 00 00 00 00 00 00 00 00 00 
E6D2: 00 00 00 00 00 00 00 00 00 00 00 00 00 00 00 00 
E6E2: 00 00 00 00 00 00 00 00 00 00 00 00 00 00 00 00 
E6F2: 00 00 00 00 00 00 00 00 00 00 00 00 00 00 00 00 
E702: 00 00 00 00 00 00 00 00 00 00 00 00 00 00 00 00 
E712: 00 00 00 00 00 00 00 00 00 00 00 00 00 00 00 00 
E722: 00 00 00 00 00 00 00 00 00 00 00 00 00 00 00 00 
E732: 00 00 00 00 00 00 00 00 00 00 00 00 00 00 00 00 
E742: 00 00 00 00 00 00 00 00 00 00 00 00 00 00 00 00 
E752: 00 00 00 00 00 00 00 00 00 00 00 00 00 00 00 00 
E762: 00 00 00 00 00 00 00 00 00 00 00 00 00 00 00 00 
E772: 00 00 00 00 00 00 00 00 00 00 00 00 00 00 00 00 
E782: 00 00 00 00 00 00 00 00 00 00 00 00 00 00 00 00 
E792: 00 00 00 00 00 00 00 00 00 00 00 00 00 00 00 00 
E7A2: 00 00 00 00 00 00 00 00 00 00 00 00 00 00 00 00 
E7B2: 00 00 00 00 00 00 00 00 00 00 00 00 00 00 00 00 
E7C2: 00 00 00 00 00 00 00 00 00 00 00 00 00 00 00 00 
E7D2: 00 00 00 00 00 00 00 00 00 00 00 00 00 00 00 00 
E7E2: 00 00 00 00 00 00 00 00 00 00 00 00 00 00 00 00 
E7F2: 00 00 00 00 00 00 00 00 00 00 00 00 00 00 00 00 
E802: 00 00 00 00 00 00 00 00 00 00 00 00 00 00 00 00 
E812: 00 00 00 00 00 00 00 00 00 00 00 00 00 00 00 00 
E822: 00 00 00 00 00 00 00 00 00 00 00 00 00 00 00 00 
E832: 00 00 00 00 00 00 00 00 00 00 00 00 00 00 00 00 
E842: 00 00 00 00 00 00 00 00 00 00 00 00 00 00 00 00 
E852: 00 00 00 00 00 00 00 00 00 00 00 00 00 00 00 00 
E862: 00 00 00 00 00 00 00 00 00 00 00 00 00 00 00 00 
E872: 00 00 00 00 00 00 00 00 00 00 00 00 00 00 00 00 
E882: 00 00 00 00 00 00 00 00 00 00 00 00 00 00 00 00 
E892: 00 00 00 00 00 00 00 00 00 00 00 00 00 00 00 00 
E8A2: 00 00 00 00 00 00 00 00 00 00 00 00 00 00 00 00 
E8B2: 00 00 00 00 00 00 00 00 00 00 00 00 00 00 00 00 
E8C2: 00 00 00 00 00 00 00 00 00 00 00 00 00 00 00 00 
E8D2: 00 00 00 00 00 00 00 00 00 00 00 00 00 00 00 00 
E8E2: 00 00 00 00 00 00 00 00 00 00 00 00 00 00 00 00 
E8F2: 00 00 00 00 00 00 00 00 00 00 00 00 00 00 00 00 
E902: 00 00 00 00 00 00 00 00 00 00 00 00 00 00 00 00 
E912: 00 00 00 00 00 00 00 00 00 00 00 00 00 00 00 00 
E922: 00 00 00 00 00 00 00 00 00 00 00 00 00 00 00 00 
E932: 00 00 00 00 00 00 00 00 00 00 00 00 00 00 00 00 
E942: 00 00 00 00 00 00 00 00 00 00 00 00 00 00 00 00 
E952: 00 00 00 00 00 00 00 00 00 00 00 00 00 00 00 00 
E962: 00 00 00 00 00 00 00 00 00 00 00 00 00 00 00 00 
E972: 00 00 00 00 00 00 00 00 00 00 00 00 00 00 00 00 
E982: 00 00 00 00 00 00 00 00 00 00 00 00 00 00 00 00 
E992: 00 00 00 00 00 00 00 00 00 00 00 00 00 00 00 00 
E9A2: 00 00 00 00 00 00 00 00 00 00 00 00 00 00 00 00 
E9B2: 00 00 00 00 00 00 00 00 00 00 00 00 00 00 00 00 
E9C2: 00 00 00 00 00 00 00 00 00 00 00 00 00 00 00 00 
E9D2: 00 00 00 00 00 00 00 00 00 00 00 00 00 00 00 00 
E9E2: 00 00 00 00 00 00 00 00 00 00 00 00 00 00 00 00 
E9F2: 00 00 00 00 00 00 00 00 00 00 00 00 00 00 00 00 
EA02: 00 00 00 00 00 00 00 00 00 00 00 00 00 00 00 00 
EA12: 00 00 00 00 00 00 00 00 00 00 00 00 00 00 00 00 
EA22: 00 00 00 00 00 00 00 00 00 00 00 00 00 00 00 00 
EA32: 00 00 00 00 00 00 00 00 00 00 00 00 00 00 00 00 
EA42: 00 00 00 00 00 00 00 00 00 00 00 00 00 00 00 00 
EA52: 00 00 00 00 00 00 00 00 00 00 00 00 00 00 00 00 
EA62: 00 00 00 00 00 00 00 00 00 00 00 00 00 00 00 00 
EA72: 00 00 00 00 00 00 00 00 00 00 00 00 00 00 00 00 
EA82: 00 00 00 00 00 00 00 00 00 00 00 00 00 00 00 00 
EA92: 00 00 00 00 00 00 00 00 00 00 00 00 00 00 00 00 
EAA2: 00 00 00 00 00 00 00 00 00 00 00 00 00 00 00 00 
EAB2: 00 00 00 00 00 00 00 00 00 00 00 00 00 00 00 00 
EAC2: 00 00 00 00 00 00 00 00 00 00 00 00 00 00 00 00 
EAD2: 00 00 00 00 00 00 00 00 00 00 00 00 00 00 00 00 
EAE2: 00 00 00 00 00 00 00 00 00 00 00 00 00 00 00 00 
EAF2: 00 00 00 00 00 00 00 00 00 00 00 00 00 00 00 00 
EB02: 00 00 00 00 00 00 00 00 00 00 00 00 00 00 00 00 
EB12: 00 00 00 00 00 00 00 00 00 00 00 00 00 00 00 00 
EB22: 00 00 00 00 00 00 00 00 00 00 00 00 00 00 00 00 
EB32: 00 00 00 00 00 00 00 00 00 00 00 00 00 00 00 00 
EB42: 00 00 00 00 00 00 00 00 00 00 00 00 00 00 00 00 
EB52: 00 00 00 00 00 00 00 00 00 00 00 00 00 00 00 00 
EB62: 00 00 00 00 00 00 00 00 00 00 00 00 00 00 00 00 
EB72: 00 00 00 00 00 00 00 00 00 00 00 00 00 00 00 00 
EB82: 00 00 00 00 00 00 00 00 00 00 00 00 00 00 00 00 
EB92: 00 00 00 00 00 00 00 00 00 00 00 00 00 00 00 00 
EBA2: 00 00 00 00 00 00 00 00 00 00 00 00 00 00 00 00 
EBB2: 00 00 00 00 00 00 00 00 00 00 00 00 00 00 00 00 
EBC2: 00 00 00 00 00 00 00 00 00 00 00 00 00 00 00 00 
EBD2: 00 00 00 00 00 00 00 00 00 00 00 00 00 00 00 00 
EBE2: 00 00 00 00 00 00 00 00 00 00 00 00 00 00 00 00 
EBF2: 00 00 00 00 00 00 00 00 00 00 00 00 00 00 00 00 
EC02: 00 00 00 00 00 00 00 00 00 00 00 00 00 00 00 00 
EC12: 00 00 00 00 00 00 00 00 00 00 00 00 00 00 00 00 
EC22: 00 00 00 00 00 00 00 00 00 00 00 00 00 00 00 00 
EC32: 00 00 00 00 00 00 00 00 00 00 00 00 00 00 00 00 
EC42: 00 00 00 00 00 00 00 00 00 00 00 00 00 00 00 00 
EC52: 00 00 00 00 00 00 00 00 00 00 00 00 00 00 00 00 
EC62: 00 00 00 00 00 00 00 00 00 00 00 00 00 00 00 00 
EC72: 00 00 00 00 00 00 00 00 00 00 00 00 00 00 00 00 
EC82: 00 00 00 00 00 00 00 00 00 00 00 00 00 00 00 00 
EC92: 00 00 00 00 00 00 00 00 00 00 00 00 00 00 00 00 
ECA2: 00 00 00 00 00 00 00 00 00 00 00 00 00 00 00 00 
ECB2: 00 00 00 00 00 00 00 00 00 00 00 00 00 00 00 00 
ECC2: 00 00 00 00 00 00 00 00 00 00 00 00 00 00 00 00 
ECD2: 00 00 00 00 00 00 00 00 00 00 00 00 00 00 00 00 
ECE2: 00 00 00 00 00 00 00 00 00 00 00 00 00 00 00 00 
ECF2: 00 00 00 00 00 00 00 00 00 00 00 00 00 00 00 00 
ED02: 00 00 00 00 00 00 00 00 00 00 00 00 00 00 00 00 
ED12: 00 00 00 00 00 00 00 00 00 00 00 00 00 00 00 00 
ED22: 00 00 00 00 00 00 00 00 00 00 00 00 00 00 00 00 
ED32: 00 00 00 00 00 00 00 00 00 00 00 00 00 00 00 00 
ED42: 00 00 00 00 00 00 00 00 00 00 00 00 00 00 00 00 
ED52: 00 00 00 00 00 00 00 00 00 00 00 00 00 00 00 00 
ED62: 00 00 00 00 00 00 00 00 00 00 00 00 00 00 00 00 
ED72: 00 00 00 00 00 00 00 00 00 00 00 00 00 00 00 00 
ED82: 00 00 00 00 00 00 00 00 00 00 00 00 00 00 00 00 
ED92: 00 00 00 00 00 00 00 00 00 00 00 00 00 00 00 00 
EDA2: 00 00 00 00 00 00 00 00 00 00 00 00 00 00 00 00 
EDB2: 00 00 00 00 00 00 00 00 00 00 00 00 00 00 00 00 
EDC2: 00 00 00 00 00 00 00 00 00 00 00 00 00 00 00 00 
EDD2: 00 00 00 00 00 00 00 00 00 00 00 00 00 00 00 00 
EDE2: 00 00 00 00 00 00 00 00 00 00 00 00 00 00 00 00 
EDF2: 00 00 00 00 00 00 00 00 00 00 00 00 00 00 00 00 
EE02: 00 00 00 00 00 00 00 00 00 00 00 00 00 00 00 00 
EE12: 00 00 00 00 00 00 00 00 00 00 00 00 00 00 00 00 
EE22: 00 00 00 00 00 00 00 00 00 00 00 00 00 00 00 00 
EE32: 00 00 00 00 00 00 00 00 00 00 00 00 00 00 00 00 
EE42: 00 00 00 00 00 00 00 00 00 00 00 00 00 00 00 00 
EE52: 00 00 00 00 00 00 00 00 00 00 00 00 00 00 00 00 
EE62: 00 00 00 00 00 00 00 00 00 00 00 00 00 00 00 00 
EE72: 00 00 00 00 00 00 00 00 00 00 00 00 00 00 00 00 
EE82: 00 00 00 00 00 00 00 00 00 00 00 00 00 00 00 00 
EE92: 00 00 00 00 00 00 00 00 00 00 00 00 00 00 00 00 
EEA2: 00 00 00 00 00 00 00 00 00 00 00 00 00 00 00 00 
EEB2: 00 00 00 00 00 00 00 00 00 00 00 00 00 00 00 00 
EEC2: 00 00 00 00 00 00 00 00 00 00 00 00 00 00 00 00 
EED2: 00 00 00 00 00 00 00 00 00 00 00 00 00 00 00 00 
EEE2: 00 00 00 00 00 00 00 00 00 00 00 00 00 00 00 00 
EEF2: 00 00 00 00 00 00 00 00 00 00 00 00 00 00 00 00 
EF02: 00 00 00 00 00 00 00 00 00 00 00 00 00 00 00 00 
EF12: 00 00 00 00 00 00 00 00 00 00 00 00 00 00 00 00 
EF22: 00 00 00 00 00 00 00 00 00 00 00 00 00 00 00 00 
EF32: 00 00 00 00 00 00 00 00 00 00 00 00 00 00 00 00 
EF42: 00 00 00 00 00 00 00 00 00 00 00 00 00 00 00 00 
EF52: 00 00 00 00 00 00 00 00 00 00 00 00 00 00 00 00 
EF62: 00 00 00 00 00 00 00 00 00 00 00 00 00 00 00 00 
EF72: 00 00 00 00 00 00 00 00 00 00 00 00 00 00 00 00 
EF82: 00 00 00 00 00 00 00 00 00 00 00 00 00 00 00 00 
EF92: 00 00 00 00 00 00 00 00 00 00 00 00 00 00 00 00 
EFA2: 00 00 00 00 00 00 00 00 00 00 00 00 00 00 00 00 
EFB2: 00 00 00 00 00 00 00 00 00 00 00 00 00 00 00 00 
EFC2: 00 00 00 00 00 00 00 00 00 00 00 00 00 00 00 00 
EFD2: 00 00 00 00 00 00 00 00 00 00 00 00 00 00 00 00 
EFE2: 00 00 00 00 00 00 00 00 00 00 00 00 00 00 00 00 
EFF2: 00 00 00 00 00 00 00 00 00 00 00 00 00 00 00 00 
F002: 00 00 00 00 00 00 00 00 00 00 00 00 00 00 00 00 
F012: 00 00 00 00 00 00 00 00 00 00 00 00 00 00 00 00 
F022: 00 00 00 00 00 00 00 00 00 00 00 00 00 00 00 00 
F032: 00 00 00 00 00 00 00 00 00 00 00 00 00 00 00 00 
F042: 00 00 00 00 00 00 00 00 00 00 00 00 00 00 00 00 
F052: 00 00 00 00 00 00 00 00 00 00 00 00 00 00 00 00 
F062: 00 00 00 00 00 00 00 00 00 00 00 00 00 00 00 00 
F072: 00 00 00 00 00 00 00 00 00 00 00 00 00 00 00 00 
F082: 00 00 00 00 00 00 00 00 00 00 00 00 00 00 00 00 
F092: 00 00 00 00 00 00 00 00 00 00 00 00 00 00 00 00 
F0A2: 00 00 00 00 00 00 00 00 00 00 00 00 00 00 00 00 
F0B2: 00 00 00 00 00 00 00 00 00 00 00 00 00 00 00 00 
F0C2: 00 00 00 00 00 00 00 00 00 00 00 00 00 00 00 00 
F0D2: 00 00 00 00 00 00 00 00 00 00 00 00 00 00 00 00 
F0E2: 00 00 00 00 00 00 00 00 00 00 00 00 00 00 00 00 
F0F2: 00 00 00 00 00 00 00 00 00 00 00 00 00 00 00 00 
F102: 00 00 00 00 00 00 00 00 00 00 00 00 00 00 00 00 
F112: 00 00 00 00 00 00 00 00 00 00 00 00 00 00 00 00 
F122: 00 00 00 00 00 00 00 00 00 00 00 00 00 00 00 00 
F132: 00 00 00 00 00 00 00 00 00 00 00 00 00 00 00 00 
F142: 00 00 00 00 00 00 00 00 00 00 00 00 00 00 00 00 
F152: 00 00 00 00 00 00 00 00 00 00 00 00 00 00 00 00 
F162: 00 00 00 00 00 00 00 00 00 00 00 00 00 00 00 00 
F172: 00 00 00 00 00 00 00 00 00 00 00 00 00 00 00 00 
F182: 00 00 00 00 00 00 00 00 00 00 00 00 00 00 00 00 
F192: 00 00 00 00 00 00 00 00 00 00 00 00 00 00 00 00 
F1A2: 00 00 00 00 00 00 00 00 00 00 00 00 00 00 00 00 
F1B2: 00 00 00 00 00 00 00 00 00 00 00 00 00 00 00 00 
F1C2: 00 00 00 00 00 00 00 00 00 00 00 00 00 00 00 00 
F1D2: 00 00 00 00 00 00 00 00 00 00 00 00 00 00 00 00 
F1E2: 00 00 00 00 00 00 00 00 00 00 00 00 00 00 00 00 
F1F2: 00 00 00 00 00 00 00 00 00 00 00 00 00 00 00 00 
F202: 00 00 00 00 00 00 00 00 00 00 00 00 00 00 00 00 
F212: 00 00 00 00 00 00 00 00 00 00 00 00 00 00 00 00 
F222: 00 00 00 00 00 00 00 00 00 00 00 00 00 00 00 00 
F232: 00 00 00 00 00 00 00 00 00 00 00 00 00 00 00 00 
F242: 00 00 00 00 00 00 00 00 00 00 00 00 00 00 00 00 
F252: 00 00 00 00 00 00 00 00 00 00 00 00 00 00 00 00 
F262: 00 00 00 00 00 00 00 00 00 00 00 00 00 00 00 00 
F272: 00 00 00 00 00 00 00 00 00 00 00 00 00 00 00 00 
F282: 00 00 00 00 00 00 00 00 00 00 00 00 00 00 00 00 
F292: 00 00 00 00 00 00 00 00 00 00 00 00 00 00 00 00 
F2A2: 00 00 00 00 00 00 00 00 00 00 00 00 00 00 00 00 
F2B2: 00 00 00 00 00 00 00 00 00 00 00 00 00 00 00 00 
F2C2: 00 00 00 00 00 00 00 00 00 00 00 00 00 00 00 00 
F2D2: 00 00 00 00 00 00 00 00 00 00 00 00 00 00 00 00 
F2E2: 00 00 00 00 00 00 00 00 00 00 00 00 00 00 00 00 
F2F2: 00 00 00 00 00 00 00 00 00 00 00 00 00 00 00 00 
F302: 00 00 00 00 00 00 00 00 00 00 00 00 00 00 00 00 
F312: 00 00 00 00 00 00 00 00 00 00 00 00 00 00 00 00 
F322: 00 00 00 00 00 00 00 00 00 00 00 00 00 00 00 00 
F332: 00 00 00 00 00 00 00 00 00 00 00 00 00 00 00 00 
F342: 00 00 00 00 00 00 00 00 00 00 00 00 00 00 00 00 
F352: 00 00 00 00 00 00 00 00 00 00 00 00 00 00 00 00 
F362: 00 00 00 00 00 00 00 00 00 00 00 00 00 00 00 00 
F372: 00 00 00 00 00 00 00 00 00 00 00 00 00 00 00 00 
F382: 00 00 00 00 00 00 00 00 00 00 00 00 00 00 00 00 
F392: 00 00 00 00 00 00 00 00 00 00 00 00 00 00 00 00 
F3A2: 00 00 00 00 00 00 00 00 00 00 00 00 00 00 00 00 
F3B2: 00 00 00 00 00 00 00 00 00 00 00 00 00 00 00 00 
F3C2: 00 00 00 00 00 00 00 00 00 00 00 00 00 00 00 00 
F3D2: 00 00 00 00 00 00 00 00 00 00 00 00 00 00 00 00 
F3E2: 00 00 00 00 00 00 00 00 00 00 00 00 00 00 00 00 
F3F2: 00 00 00 00 00 00 00 00 00 00 00 00 00 00 00 00 
F402: 00 00 00 00 00 00 00 00 00 00 00 00 00 00 00 00 
F412: 00 00 00 00 00 00 00 00 00 00 00 00 00 00 00 00 
F422: 00 00 00 00 00 00 00 00 00 00 00 00 00 00 00 00 
F432: 00 00 00 00 00 00 00 00 00 00 00 00 00 00 00 00 
F442: 00 00 00 00 00 00 00 00 00 00 00 00 00 00 00 00 
F452: 00 00 00 00 00 00 00 00 00 00 00 00 00 00 00 00 
F462: 00 00 00 00 00 00 00 00 00 00 00 00 00 00 00 00 
F472: 00 00 00 00 00 00 00 00 00 00 00 00 00 00 00 00 
F482: 00 00 00 00 00 00 00 00 00 00 00 00 00 00 00 00 
F492: 00 00 00 00 00 00 00 00 00 00 00 00 00 00 00 00 
F4A2: 00 00 00 00 00 00 00 00 00 00 00 00 00 00 00 00 
F4B2: 00 00 00 00 00 00 00 00 00 00 00 00 00 00 00 00 
F4C2: 00 00 00 00 00 00 00 00 00 00 00 00 00 00 00 00 
F4D2: 00 00 00 00 00 00 00 00 00 00 00 00 00 00 00 00 
F4E2: 00 00 00 00 00 00 00 00 00 00 00 00 00 00 00 00 
F4F2: 00 00 00 00 00 00 00 00 00 00 00 00 00 00 00 00 
F502: 00 00 00 00 00 00 00 00 00 00 00 00 00 00 00 00 
F512: 00 00 00 00 00 00 00 00 00 00 00 00 00 00 00 00 
F522: 00 00 00 00 00 00 00 00 00 00 00 00 00 00 00 00 
F532: 00 00 00 00 00 00 00 00 00 00 00 00 00 00 00 00 
F542: 00 00 00 00 00 00 00 00 00 00 00 00 00 00 00 00 
F552: 00 00 00 00 00 00 00 00 00 00 00 00 00 00 00 00 
F562: 00 00 00 00 00 00 00 00 00 00 00 00 00 00 00 00 
F572: 00 00 00 00 00 00 00 00 00 00 00 00 00 00 00 00 
F582: 00 00 00 00 00 00 00 00 00 00 00 00 00 00 00 00 
F592: 00 00 00 00 00 00 00 00 00 00 00 00 00 00 00 00 
F5A2: 00 00 00 00 00 00 00 00 00 00 00 00 00 00 00 00 
F5B2: 00 00 00 00 00 00 00 00 00 00 00 00 00 00 00 00 
F5C2: 00 00 00 00 00 00 00 00 00 00 00 00 00 00 00 00 
F5D2: 00 00 00 00 00 00 00 00 00 00 00 00 00 00 00 00 
F5E2: 00 00 00 00 00 00 00 00 00 00 00 00 00 00 00 00 
F5F2: 00 00 00 00 00 00 00 00 00 00 00 00 00 00 00 00 
F602: 00 00 00 00 00 00 00 00 00 00 00 00 00 00 00 00 
F612: 00 00 00 00 00 00 00 00 00 00 00 00 00 00 00 00 
F622: 00 00 00 00 00 00 00 00 00 00 00 00 00 00 00 00 
F632: 00 00 00 00 00 00 00 00 00 00 00 00 00 00 00 00 
F642: 00 00 00 00 00 00 00 00 00 00 00 00 00 00 00 00 
F652: 00 00 00 00 00 00 00 00 00 00 00 00 00 00 00 00 
F662: 00 00 00 00 00 00 00 00 00 00 00 00 00 00 00 00 
F672: 00 00 00 00 00 00 00 00 00 00 00 00 00 00 00 00 
F682: 00 00 00 00 00 00 00 00 00 00 00 00 00 00 00 00 
F692: 00 00 00 00 00 00 00 00 00 00 00 00 00 00 00 00 
F6A2: 00 00 00 00 00 00 00 00 00 00 00 00 00 00 00 00 
F6B2: 00 00 00 00 00 00 00 00 00 00 00 00 00 00 00 00 
F6C2: 00 00 00 00 00 00 00 00 00 00 00 00 00 00 00 00 
F6D2: 00 00 00 00 00 00 00 00 00 00 00 00 00 00 00 00 
F6E2: 00 00 00 00 00 00 00 00 00 00 00 00 00 00 00 00 
F6F2: 00 00 00 00 00 00 00 00 00 00 00 00 00 00 00 00 
F702: 00 00 00 00 00 00 00 00 00 00 00 00 00 00 00 00 
F712: 00 00 00 00 00 00 00 00 00 00 00 00 00 00 00 00 
F722: 00 00 00 00 00 00 00 00 00 00 00 00 00 00 00 00 
F732: 00 00 00 00 00 00 00 00 00 00 00 00 00 00 00 00 
F742: 00 00 00 00 00 00 00 00 00 00 00 00 00 00 00 00 
F752: 00 00 00 00 00 00 00 00 00 00 00 00 00 00 00 00 
F762: 00 00 00 00 00 00 00 00 00 00 00 00 00 00 00 00 
F772: 00 00 00 00 00 00 00 00 00 00 00 00 00 00 00 00 
F782: 00 00 00 00 00 00 00 00 00 00 00 00 00 00 00 00 
F792: 00 00 00 00 00 00 00 00 00 00 00 00 00 00 00 00 
F7A2: 00 00 00 00 00 00 00 00 00 00 00 00 00 00 00 00 
F7B2: 00 00 00 00 00 00 00 00 00 00 00 00 00 00 00 00 
F7C2: 00 00 00 00 00 00 00 00 00 00 00 00 00 00 00 00 
F7D2: 00 00 00 00 00 00 00 00 00 00 00 00 00 00 00 00 
F7E2: 00 00 00 00 00 00 00 00 00 00 00 00 00 00 00 00 
F7F2: 00 00 00 00 00 00 00 00 00 00 00 00 00 00 00 00 
F802: 00 00 00 00 00 00 00 00 00 00 00 00 00 00 00 00 
F812: 00 00 00 00 00 00 00 00 00 00 00 00 00 00 00 00 
F822: 00 00 00 00 00 00 00 00 00 00 00 00 00 00 00 00 
F832: 00 00 00 00 00 00 00 00 00 00 00 00 00 00 00 00 
F842: 00 00 00 00 00 00 00 00 00 00 00 00 00 00 00 00 
F852: 00 00 00 00 00 00 00 00 00 00 00 00 00 00 00 00 
F862: 00 00 00 00 00 00 00 00 00 00 00 00 00 00 00 00 
F872: 00 00 00 00 00 00 00 00 00 00 00 00 00 00 00 00 
F882: 00 00 00 00 00 00 00 00 00 00 00 00 00 00 00 00 
F892: 00 00 00 00 00 00 00 00 00 00 00 00 00 00 00 00 
F8A2: 00 00 00 00 00 00 00 00 00 00 00 00 00 00 00 00 
F8B2: 00 00 00 00 00 00 00 00 00 00 00 00 00 00 00 00 
F8C2: 00 00 00 00 00 00 00 00 00 00 00 00 00 00 00 00 
F8D2: 00 00 00 00 00 00 00 00 00 00 00 00 00 00 00 00 
F8E2: 00 00 00 00 00 00 00 00 00 00 00 00 00 00 00 00 
F8F2: 00 00 00 00 00 00 00 00 00 00 00 00 00 00 00 00 
F902: 00 00 00 00 00 00 00 00 00 00 00 00 00 00 00 00 
F912: 00 00 00 00 00 00 00 00 00 00 00 00 00 00 00 00 
F922: 00 00 00 00 00 00 00 00 00 00 00 00 00 00 00 00 
F932: 00 00 00 00 00 00 00 00 00 00 00 00 00 00 00 00 
F942: 00 00 00 00 00 00 00 00 00 00 00 00 00 00 00 00 
F952: 00 00 00 00 00 00 00 00 00 00 00 00 00 00 00 00 
F962: 00 00 00 00 00 00 00 00 00 00 00 00 00 00 00 00 
F972: 00 00 00 00 00 00 00 00 00 00 00 00 00 00 00 00 
F982: 00 00 00 00 00 00 00 00 00 00 00 00 00 00 00 00 
F992: 00 00 00 00 00 00 00 00 00 00 00 00 00 00 00 00 
F9A2: 00 00 00 00 00 00 00 00 00 00 00 00 00 00 00 00 
F9B2: 00 00 00 00 00 00 00 00 00 00 00 00 00 00 00 00 
F9C2: 00 00 00 00 00 00 00 00 00 00 00 00 00 00 00 00 
F9D2: 00 00 00 00 00 00 00 00 00 00 00 00 00 00 00 00 
F9E2: 00 00 00 00 00 00 00 00 00 00 00 00 00 00 00 00 
F9F2: 00 00 00 00 00 00 00 00 00 00 00 00 00 00 00 00 
FA02: 00 00 00 00 00 00 00 00 00 00 00 00 00 00 00 00 
FA12: 00 00 00 00 00 00 00 00 00 00 00 00 00 00 00 00 
FA22: 00 00 00 00 00 00 00 00 00 00 00 00 00 00 00 00 
FA32: 00 00 00 00 00 00 00 00 00 00 00 00 00 00 00 00 
FA42: 00 00 00 00 00 00 00 00 00 00 00 00 00 00 00 00 
FA52: 00 00 00 00 00 00 00 00 00 00 00 00 00 00 00 00 
FA62: 00 00 00 00 00 00 00 00 00 00 00 00 00 00 00 00 
FA72: 00 00 00 00 00 00 00 00 00 00 00 00 00 00 00 00 
FA82: 00 00 00 00 00 00 00 00 00 00 00 00 00 00 00 00 
FA92: 00 00 00 00 00 00 00 00 00 00 00 00 00 00 00 00 
FAA2: 00 00 00 00 00 00 00 00 00 00 00 00 00 00 00 00 
FAB2: 00 00 00 00 00 00 00 00 00 00 00 00 00 00 00 00 
FAC2: 00 00 00 00 00 00 00 00 00 00 00 00 00 00 00 00 
FAD2: 00 00 00 00 00 00 00 00 00 00 00 00 00 00 00 00 
FAE2: 00 00 00 00 00 00 00 00 00 00 00 00 00 00 00 00 
FAF2: 00 00 00 00 00 00 00 00 00 00 00 00 00 00 00 00 
FB02: 00 00 00 00 00 00 00 00 00 00 00 00 00 00 00 00 
FB12: 00 00 00 00 00 00 00 00 00 00 00 00 00 00 00 00 
FB22: 00 00 00 00 00 00 00 00 00 00 00 00 00 00 00 00 
FB32: 00 00 00 00 00 00 00 00 00 00 00 00 00 00 00 00 
FB42: 00 00 00 00 00 00 00 00 00 00 00 00 00 00 00 00 
FB52: 00 00 00 00 00 00 00 00 00 00 00 00 00 00 00 00 
FB62: 00 00 00 00 00 00 00 00 00 00 00 00 00 00 00 00 
FB72: 00 00 00 00 00 00 00 00 00 00 00 00 00 00 00 00 
FB82: 00 00 00 00 00 00 00 00 00 00 00 00 00 00 00 00 
FB92: 00 00 00 00 00 00 00 00 00 00 00 00 00 00 00 00 
FBA2: 00 00 00 00 00 00 00 00 00 00 00 00 00 00 00 00 
FBB2: 00 00 00 00 00 00 00 00 00 00 00 00 00 00 00 00 
FBC2: 00 00 00 00 00 00 00 00 00 00 00 00 00 00 00 00 
FBD2: 00 00 00 00 00 00 00 00 00 00 00 00 00 00 00 00 
FBE2: 00 00 00 00 00 00 00 00 00 00 00 00 00 00 00 00 
FBF2: 00 00 00 00 00 00 00 00 00 00 00 00 00 00 00 00 
FC02: 00 00 00 00 00 00 00 00 00 00 00 00 00 00 00 00 
FC12: 00 00 00 00 00 00 00 00 00 00 00 00 00 00 00 00 
FC22: 00 00 00 00 00 00 00 00 00 00 00 00 00 00 00 00 
FC32: 00 00 00 00 00 00 00 00 00 00 00 00 00 00 00 00 
FC42: 00 00 00 00 00 00 00 00 00 00 00 00 00 00 00 00 
FC52: 00 00 00 00 00 00 00 00 00 00 00 00 00 00 00 00 
FC62: 00 00 00 00 00 00 00 00 00 00 00 00 00 00 00 00 
FC72: 00 00 00 00 00 00 00 00 00 00 00 00 00 00 00 00 
FC82: 00 00 00 00 00 00 00 00 00 00 00 00 00 00 00 00 
FC92: 00 00 00 00 00 00 00 00 00 00 00 00 00 00 00 00 
FCA2: 00 00 00 00 00 00 00 00 00 00 00 00 00 00 00 00 
FCB2: 00 00 00 00 00 00 00 00 00 00 00 00 00 00 00 00 
FCC2: 00 00 00 00 00 00 00 00 00 00 00 00 00 00 00 00 
FCD2: 00 00 00 00 00 00 00 00 00 00 00 00 00 00 00 00 
FCE2: 00 00 00 00 00 00 00 00 00 00 00 00 00 00 00 00 
FCF2: 00 00 00 00 00 00 00 00 00 00 00 00 00 00 00 00 
FD02: 00 00 00 00 00 00 00 00 00 00 00 00 00 00 00 00 
FD12: 00 00 00 00 00 00 00 00 00 00 00 00 00 00 00 00 
FD22: 00 00 00 00 00 00 00 00 00 00 00 00 00 00 00 00 
FD32: 00 00 00 00 00 00 00 00 00 00 00 00 00 00 00 00 
FD42: 00 00 00 00 00 00 00 00 00 00 00 00 00 00 00 00 
FD52: 00 00 00 00 00 00 00 00 00 00 00 00 00 00 00 00 
FD62: 00 00 00 00 00 00 00 00 00 00 00 00 00 00 00 00 
FD72: 00 00 00 00 00 00 00 00 00 00 00 00 00 00 00 00 
FD82: 00 00 00 00 00 00 00 00 00 00 00 00 00 00 00 00 
FD92: 00 00 00 00 00 00 00 00 00 00 00 00 00 00 00 00 
FDA2: 00 00 00 00 00 00 00 00 00 00 00 00 00 00 00 00 
FDB2: 00 00 00 00 00 00 00 00 00 00 00 00 00 00 00 00 
FDC2: 00 00 00 00 00 00 00 00 00 00 00 00 00 00 00 00 
FDD2: 00 00 00 00 00 00 00 00 00 00 00 00 00 00 00 00 
FDE2: 00 00 00 00 00 00 00 00 00 00 00 00 00 00 00 00 
FDF2: 00 00 00 00 00 00 00 00 00 00 00 00 00 00 00 00 
FE02: 00 00 00 00 00 00 00 00 00 00 00 00 00 00 00 00 
FE12: 00 00 00 00 00 00 00 00 00 00 00 00 00 00 00 00 
FE22: 00 00 00 00 00 00 00 00 00 00 00 00 00 00 00 00 
FE32: 00 00 00 00 00 00 00 00 00 00 00 00 00 00 00 00 
FE42: 00 00 00 00 00 00 00 00 00 00 00 00 00 00 00 00 
FE52: 00 00 00 00 00 00 00 00 00 00 00 00 00 00 00 00 
FE62: 00 00 00 00 00 00 00 00 00 00 00 00 00 00 00 00 
FE72: 00 00 00 00 00 00 00 00 00 00 00 00 00 00 00 00 
FE82: 00 00 00 00 00 00 00 00 00 00 00 00 00 00 00 00 
FE92: 00 00 00 00 00 00 00 00 00 00 00 00 00 00 00 00 
FEA2: 00 00 00 00 00 00 00 00 00 00 00 00 00 00 00 00 
FEB2: 00 00 00 00 00 00 00 00 00 00 00 00 00 00 00 00 
FEC2: 00 00 00 00 00 00 00 00 00 00 00 00 00 00 00 00 
FED2: 00 00 00 00 00 00 00 00 00 00 00 00 00 00 00 00 
FEE2: 00 00 00 00 00 00 00 00 00 00 00 00 00 00 00 00 
FEF2: 00 00 00 00 00 00 00 00 00 00 00 00 00 00 00 00 
FF02: 00 00 00 00 00 00 00 00 00 00 00 00 00 00 00 00 
FF12: 00 00 00 00 00 00 00 00 00 00 00 00 00 00 00 00 
FF22: 00 00 00 00 00 00 00 00 00 00 00 00 00 00 00 00 
FF32: 00 00 00 00 00 00 00 00 00 00 00 00 00 00 00 00 
FF42: 00 00 00 00 00 00 00 00 00 00 00 00 00 00 00 00 
FF52: 00 00 00 00 00 00 00 00 00 00 00 00 00 00 00 00 
FF62: 00 00 00 00 00 00 00 00 00 00 00 00 00 00 00 00 
FF72: 00 00 00 00 00 00 00 00 00 00 00 00 00 00 00 00 
FF82: 00 00 00 00 00 00 00 00 00 00 00 00 00 00 00 00 
FF92: 00 00 00 00 00 00 00 00 00 00 00 00 00 00 00 00 
FFA2: 00 00 00 00 00 00 00 00 00 00 00 00 00 00 00 00 
FFB2: 00 00 00 00 00 00 00 00 00 00 00 00 00 00 00 00 
FFC2: 00 00 00 00 00 00 00 00 00 00 00 00 00 00 00 00 
FFD2: 00 00 00 00 00 00 00 00 00 00 00 00 00 00 00 00 
FFE2: 00 00 00 00 00 00 00 00 00 00 00 00 00 00 00 00 
FFF2: 00 00 00 00 00 00 00 00 00 00 20 42 42 00 